release_id,workload,tool,version,mode,concurrency,purpose,statistic,publication_status,capacity_status,replay_timing,state,state_detail,subject_exit,worker_exit,row_count,wall_seconds,listing_seconds,wall_keys_per_second,max_rss_kb,max_rss_floor_kb,fixture_id,fixture_objects,replay_requests,replay_errors,machine_type,subject_vcpus,container_memory_gb,group_id,case_id,attempt_id
2026-09-scale-diagnostics,aws-public-blockchain,rclone,1.74.4,recursive-walk,128,diagnostic,timing,diagnostic,UNCALIBRATED,PRESSURE_DEGRADED,SUCCEEDED,,0,0,143008665,820.964299,,174195.961,2741348,50524,aws-public-blockchain/current-eba31d9,143008674,295111.0,0.0,n4-highcpu-32,8,8,bc-rclone-c128-20260829,rclone.3eff2ab4f661,rclone.3eff2ab4f661.s1
2026-09-scale-diagnostics,aws-public-blockchain,rclone,1.74.4,recursive-walk,64,diagnostic,timing,diagnostic,UNCALIBRATED,TIMING_VALID,SUCCEEDED,,0,0,143008665,667.022134,,214398.68,1893836,50424,aws-public-blockchain/current-eba31d9,143008674,295111.0,0.0,n4-highcpu-32,8,8,blockchain-capacity-20260829,rclone.6319ec57665d,rclone.6319ec57665d.s1
2026-09-scale-diagnostics,aws-public-blockchain,s3p,3.7.2,ls,16,diagnostic,timing,diagnostic,UNCALIBRATED,TIMING_VALID,SUCCEEDED,,0,0,143008674,4238.7627,,33738.306,335352,50652,aws-public-blockchain/current-eba31d9,143008674,271952.0,0.0,n4-highcpu-32,8,8,blockchain-capacity-20260829,s3p.1b77f20ed931,s3p.1b77f20ed931.s1
2026-09-scale-diagnostics,aws-public-blockchain,s7cmd,1.5.0,recursive-one-nosort,16,diagnostic,timing,diagnostic,UNCALIBRATED,CAPACITY_FAILED,SUCCEEDED,,124,0,,7200.019389,,,50112,50420,aws-public-blockchain/current-eba31d9,143008674,73738.0,0.0,n4-highcpu-32,8,8,blockchain-capacity-20260829,s7cmd.a9b999169187,s7cmd.a9b999169187.s1
2026-09-scale-diagnostics,aws-public-blockchain,swath,0.2.5-SNAPSHOT,recursive-tsv-dataset,256,diagnostic,timing,diagnostic,UNCALIBRATED,CAPACITY_FAILED,SUCCEEDED,,0,0,143008674,193.323759,,739736.671,2352716,51200,aws-public-blockchain/current-eba31d9,143008674,150921.0,0.0,n4-highcpu-80,8,8,swath-postfix-blockchain-a-20260901,swath.35748f25b963,swath.35748f25b963.s1
2026-09-scale-diagnostics,aws-public-blockchain,swath,0.2.5-SNAPSHOT,recursive-tsv-dataset,256,diagnostic,timing,diagnostic,UNCALIBRATED,CAPACITY_FAILED,SUCCEEDED,,0,0,143008674,200.954901,,711645.614,2375264,50744,aws-public-blockchain/current-eba31d9,143008674,150913.0,0.0,n4-highcpu-48,8,8,swath-main-largest-20260901,swath.44fea69d8fa8,swath.44fea69d8fa8.s1
2026-09-scale-diagnostics,aws-public-blockchain,swath,0.2.5-SNAPSHOT,recursive-tsv-dataset,64,diagnostic,timing,diagnostic,UNCALIBRATED,CAPACITY_FAILED,SUCCEEDED,,0,0,143008674,283.69464,,504093.676,664476,50428,aws-public-blockchain/current-eba31d9,143008674,147846.0,0.0,n4-highcpu-32,8,8,blockchain-capacity-20260829,swath.51d05470b07a,swath.51d05470b07a.s1
2026-09-scale-diagnostics,aws-public-blockchain,swath,0.2.5-SNAPSHOT,recursive-tsv-dataset,128,diagnostic,timing,diagnostic,UNCALIBRATED,CAPACITY_FAILED,SUCCEEDED,,0,0,143008674,206.200932,,693540.386,1507380,50476,aws-public-blockchain/current-eba31d9,143008674,148624.0,0.0,n4-highcpu-48,8,8,bc-swath-server-20260829,swath.67ef93751978,swath.67ef93751978.s1
2026-09-scale-diagnostics,aws-public-blockchain,swath,0.3.1,recursive-tsv-dataset,256,diagnostic,timing,diagnostic,UNCALIBRATED,CAPACITY_FAILED,SUCCEEDED,,0,0,143008674,174.487997,,819590.324,2141604,80840,aws-public-blockchain/current-eba31d9,143008674,153721.0,0.0,n4-highcpu-80,8,8,swath-warmup-blockchain-a-20260901,swath.6d4bdaf4f615,swath.6d4bdaf4f615.s1
2026-09-scale-diagnostics,aws-public-blockchain,swath,0.2.5-SNAPSHOT,recursive-tsv-dataset,256,diagnostic,timing,diagnostic,UNCALIBRATED,CAPACITY_FAILED,SUCCEEDED,,0,0,143008674,209.718246,,681908.593,2088500,50360,aws-public-blockchain/current-eba31d9,143008674,150834.0,0.0,n4-highcpu-48,8,8,bc-swath-server-20260829,swath.9a948772a8d5,swath.9a948772a8d5.s1
2026-09-scale-diagnostics,aws-public-blockchain,swath,0.2.5-SNAPSHOT,recursive-tsv-dataset,256,diagnostic,timing,diagnostic,UNCALIBRATED,CAPACITY_FAILED,SUCCEEDED,,0,0,143008674,208.942632,,684439.899,2103720,50320,aws-public-blockchain/current-eba31d9,143008674,150982.0,0.0,n4-highcpu-32,8,8,blockchain-swath-width-20260829,swath.9ad793f7eea7,swath.9ad793f7eea7.s1
2026-09-scale-diagnostics,aws-public-blockchain,swath,0.2.5-SNAPSHOT,recursive-tsv-dataset,128,diagnostic,timing,diagnostic,UNCALIBRATED,CAPACITY_FAILED,SUCCEEDED,,0,0,143008674,260.90007,,548135.821,1013236,50572,aws-public-blockchain/current-eba31d9,143008674,148923.0,0.0,n4-highcpu-32,8,8,blockchain-swath-reader-control-20260829,swath.b0315a05d77b,swath.b0315a05d77b.s1
2026-09-scale-diagnostics,aws-public-blockchain,swath,0.3.1,recursive-tsv-dataset,256,diagnostic,timing,diagnostic,UNCALIBRATED,CAPACITY_FAILED,SUCCEEDED,,0,0,143008674,173.712583,,823248.791,2232392,51180,aws-public-blockchain/current-eba31d9,143008674,151223.0,0.0,n4-highcpu-80,8,8,swath-031-blockchain-a-20260901,swath.be4140354dd1,swath.be4140354dd1.s1
2026-09-scale-diagnostics,aws-public-blockchain,swath,0.2.5-SNAPSHOT,recursive-tsv-dataset,256,diagnostic,timing,diagnostic,UNCALIBRATED,CAPACITY_FAILED,SUCCEEDED,,0,0,143008674,238.441399,,599764.448,1437016,50568,aws-public-blockchain/current-eba31d9,143008674,150842.0,0.0,n4-highcpu-32,8,8,blockchain-swath-reader-control-20260829,swath.bfbcc490799b,swath.bfbcc490799b.s1
2026-09-scale-diagnostics,aws-public-blockchain,swath,0.2.5-SNAPSHOT,recursive-tsv-dataset,128,diagnostic,timing,diagnostic,UNCALIBRATED,CAPACITY_FAILED,SUCCEEDED,,0,0,143008674,217.393015,,657834.724,1506220,50580,aws-public-blockchain/current-eba31d9,143008674,149082.0,0.0,n4-highcpu-32,8,8,blockchain-swath-width-20260829,swath.c59f4b2e8eed,swath.c59f4b2e8eed.s1
2026-09-scale-diagnostics,fah-public-data-covid19-absolute-free-energy,swath,0.3.1,recursive-parquet-sorted,2048,diagnostic,timing,diagnostic,,,SUCCEEDED,,0,0,522925693,281.920943,,1854866.43,12362232,51104,,,,,n4-highcpu-32,,,swath-s3-fah-sort-cpu32-20260901,swath.4b2db6e9f6a9,swath.4b2db6e9f6a9.s1
2026-09-scale-diagnostics,fah-public-data-covid19-absolute-free-energy,swath,,recursive-parquet-sorted,1024,diagnostic,timing,diagnostic,,,FAILED,,,,,,,,,,,,,,n4-highcpu-16,,,swath-real-s3-fah-sorted-20260901,swath.7107861537aa,swath.7107861537aa.s1
2026-09-scale-diagnostics,fah-public-data-covid19-absolute-free-energy,swath,0.3.1,recursive-tsv-zstd,2048,diagnostic,timing,diagnostic,,,SUCCEEDED,,0,0,522925693,187.305906,,2791827.039,8585240,51092,,,,,n4-highcpu-32,,,swath-s3-fah-tsv-c2048-20260901,swath.a0f1b2c053d8,swath.a0f1b2c053d8.s1
2026-09-scale-diagnostics,fah-public-data-covid19-absolute-free-energy,swath,0.3.0,recursive-parquet-sorted,1024,diagnostic,timing,diagnostic,,,SUCCEEDED,,0,0,522925693,370.742025,,1410483.996,7754624,50544,,,,,n4-highcpu-16,,,swath-s3-fah-sort-use1-20260901,swath.d7668a13dc4c,swath.d7668a13dc4c.s1
2026-09-scale-diagnostics,idc-open-data,swath,0.2.5-SNAPSHOT,recursive-parquet,64,diagnostic,timing,diagnostic,UNCALIBRATED,NOT_APPLICABLE,SUCCEEDED,,0,0,56311145,83.157758,,677160.452,1602036,51240,swath-replay/idc-open-data/current-geometry-20260824,56311145,63898.0,0.0,n4-highcpu-16,6,16,swath-postfix-idc-20260901,swath.0369a4a714a0,swath.0369a4a714a0.s1
2026-09-scale-diagnostics,idc-open-data,swath,0.3.1,recursive-parquet,64,diagnostic,timing,diagnostic,UNCALIBRATED,NOT_APPLICABLE,SUCCEEDED,,0,0,56311145,71.141891,,791532.868,1800580,51156,swath-replay/idc-open-data/current-geometry-20260824,56311145,63781.0,0.0,n4-highcpu-16,6,16,swath-031-idc-20260901,swath.07ea6c37d03a,swath.07ea6c37d03a.s1
2026-09-scale-diagnostics,idc-open-data,swath,0.3.1,recursive-parquet,64,diagnostic,timing,diagnostic,UNCALIBRATED,NOT_APPLICABLE,SUCCEEDED,,0,0,56311145,66.542418,,846244.346,3040756,51216,swath-replay/idc-open-data/current-geometry-20260824,56311145,64410.0,0.0,n4-highcpu-16,6,16,swath-031-idc-20260901,swath.17994209c7c7,swath.17994209c7c7.s1
2026-09-scale-diagnostics,idc-open-data,swath,0.2.5-SNAPSHOT,recursive-parquet,64,diagnostic,timing,diagnostic,UNCALIBRATED,NOT_APPLICABLE,SUCCEEDED,,0,0,56311145,82.214645,,684928.397,1911956,51232,swath-replay/idc-open-data/current-geometry-20260824,56311145,64124.0,0.0,n4-highcpu-16,6,16,swath-postfix-idc-20260901,swath.32b79405c283,swath.32b79405c283.s1
2026-09-scale-diagnostics,idc-open-data,swath,0.2.5-SNAPSHOT,recursive-parquet,64,diagnostic,timing,diagnostic,UNCALIBRATED,NOT_APPLICABLE,SUCCEEDED,,0,0,56311145,79.890151,,704857.161,1722328,51156,swath-replay/idc-open-data/current-geometry-20260824,56311145,63978.0,0.0,n4-highcpu-16,6,16,swath-postfix-idc-20260901,swath.3a4ccbcffb29,swath.3a4ccbcffb29.s1
2026-09-scale-diagnostics,idc-open-data,swath,0.3.1,recursive-parquet,64,diagnostic,timing,diagnostic,UNCALIBRATED,NOT_APPLICABLE,SUCCEEDED,,0,0,56311145,82.336094,,683918.1,1534480,51116,swath-replay/idc-open-data/current-geometry-20260824,56311145,64014.0,0.0,n4-highcpu-16,6,16,swath-031-idc-20260901,swath.68cc146369ac,swath.68cc146369ac.s1
2026-09-scale-diagnostics,idc-open-data,swath,0.3.1,recursive-parquet,64,diagnostic,timing,diagnostic,UNCALIBRATED,NOT_APPLICABLE,SUCCEEDED,,0,0,56311145,79.970822,,704146.132,1625044,51108,swath-replay/idc-open-data/current-geometry-20260824,56311145,63824.0,0.0,n4-highcpu-16,6,16,swath-031-idc-20260901,swath.8b91e27a8727,swath.8b91e27a8727.s1
2026-09-scale-diagnostics,idc-open-data,swath,0.3.1,recursive-parquet,64,diagnostic,timing,diagnostic,UNCALIBRATED,NOT_APPLICABLE,SUCCEEDED,,0,0,56311145,73.375324,,767439.814,1960712,51068,swath-replay/idc-open-data/current-geometry-20260824,56311145,64426.0,0.0,n4-highcpu-16,6,16,swath-031-idc-20260901,swath.8eb6820c4b0d,swath.8eb6820c4b0d.s1
2026-09-scale-diagnostics,idc-open-data,swath,0.2.5-SNAPSHOT,recursive-parquet,64,diagnostic,timing,diagnostic,UNCALIBRATED,NOT_APPLICABLE,SUCCEEDED,,0,0,56311145,77.424324,,727305.607,1714620,51480,swath-replay/idc-open-data/current-geometry-20260824,56311145,64040.0,0.0,n4-highcpu-16,6,16,swath-postfix-idc-20260901,swath.afd7c6f099f0,swath.afd7c6f099f0.s1
2026-09-scale-diagnostics,idc-open-data,swath,0.3.1,recursive-tsv-dataset,16,diagnostic,timing,diagnostic,UNCALIBRATED,NOT_APPLICABLE,SUCCEEDED,,0,0,56311145,48.932488,,1150792.598,1027352,51120,swath-replay/idc-open-data/current-geometry-20260824,56311145,62059.0,0.0,n4-highcpu-16,6,16,swath-031-idc-20260901,swath.bdd068f5fccc,swath.bdd068f5fccc.s1
2026-09-scale-diagnostics,idc-open-data,swath,0.2.5-SNAPSHOT,recursive-tsv-dataset,16,diagnostic,timing,diagnostic,UNCALIBRATED,NOT_APPLICABLE,SUCCEEDED,,0,0,56311145,63.276134,,889927.077,920944,51092,swath-replay/idc-open-data/current-geometry-20260824,56311145,61919.0,0.0,n4-highcpu-16,6,16,swath-postfix-idc-20260901,swath.cd2dfb0cc186,swath.cd2dfb0cc186.s1
2026-09-scale-diagnostics,idc-open-data,swath,,recursive-parquet,64,diagnostic,timing,diagnostic,UNCALIBRATED,,FAILED,,,,,,,,,,swath-replay/idc-open-data/current-geometry-20260824,56311145,,,n4-highcpu-16,6,16,swath-postfix-idc-20260901,swath.d41a04e156f5,swath.d41a04e156f5.s1
2026-09-scale-diagnostics,idc-open-data,swath,0.2.5-SNAPSHOT,recursive-parquet,64,diagnostic,timing,diagnostic,UNCALIBRATED,NOT_APPLICABLE,SUCCEEDED,,0,0,56311145,71.572776,,786767.653,2854676,51208,swath-replay/idc-open-data/current-geometry-20260824,56311145,64230.0,0.0,n4-highcpu-16,6,16,swath-postfix-idc-20260901,swath.d41a04e156f5,swath.d41a04e156f5.s2
2026-09-scale-diagnostics,janelia-cosem-datasets,swath,0.3.0,recursive-parquet-sorted,1024,diagnostic,timing,diagnostic,,,SUCCEEDED,,0,0,959831933,724.16251,,1325437.205,9701684,50600,,,,,n4-highcpu-16,,,swath-s3-janelia-sort-use1-20260901,swath.0b5db9b35947,swath.0b5db9b35947.s1
2026-09-scale-diagnostics,janelia-cosem-datasets,swath,0.3.1,recursive-parquet-sorted,2048,diagnostic,timing,diagnostic,,,SUCCEEDED,,0,0,959831933,585.130763,,1640371.68,13703164,51008,,,,,n4-highcpu-32,,,swath-s3-janelia-sort-cpu32-20260901,swath.0d01af45ef74,swath.0d01af45ef74.s1
2026-09-scale-diagnostics,janelia-cosem-datasets,swath,,recursive-parquet-sorted,1024,diagnostic,timing,diagnostic,,,FAILED,,,,,,,,,,,,,,n4-highcpu-16,,,swath-real-s3-janelia-sorted-20260901,swath.c42bfeced387,swath.c42bfeced387.s1
2026-09-scale-diagnostics,nara-1950-census,rclone,1.74.4,recursive-walk,64,diagnostic,timing,diagnostic,UNCALIBRATED,PRESSURE_DEGRADED,SUCCEEDED,,0,0,13540306,399.046619,,33931.639,179992,50404,nara-1950-census/current-eba31d9,13540310,482313.0,0.0,n4-highcpu-32,4,8,nara-cpu-ladder-20260828,rclone.247aac45c4bd,rclone.247aac45c4bd.s1
2026-09-scale-diagnostics,nara-1950-census,rclone,1.74.4,recursive-walk,64,diagnostic,timing,diagnostic,UNCALIBRATED,PRESSURE_DEGRADED,SUCCEEDED,,0,0,13540116,394.042372,,34362.081,178616,50460,nara-1950-census/current-eba31d9,13540310,482313.0,0.0,n4-highcpu-32,8,8,nara-config-selection-20260828,rclone.3ed3192ccd78,rclone.3ed3192ccd78.s1
2026-09-scale-diagnostics,nara-1950-census,rclone,1.74.4,recursive-walk,64,diagnostic,timing,diagnostic,UNCALIBRATED,PRESSURE_DEGRADED,SUCCEEDED,,0,0,13540306,400.241496,,33830.34,181112,50388,nara-1950-census/current-eba31d9,13540310,482313.0,0.0,n4-highcpu-32,8,8,nara-cpu-ladder-20260828,rclone.444a698e1208,rclone.444a698e1208.s1
2026-09-scale-diagnostics,nara-1950-census,rclone,1.74.4,recursive-walk,32,diagnostic,timing,diagnostic,UNCALIBRATED,PRESSURE_DEGRADED,SUCCEEDED,,0,0,13540116,780.458685,,17348.921,167816,50540,nara-1950-census/current-eba31d9,13540310,482313.0,0.0,n4-highcpu-32,8,8,nara-config-selection-20260828,rclone.b3d02745fddd,rclone.b3d02745fddd.s1
2026-09-scale-diagnostics,nara-1950-census,rclone,1.74.4,recursive-walk,64,diagnostic,timing,diagnostic,UNCALIBRATED,PRESSURE_DEGRADED,SUCCEEDED,,0,0,13540306,405.840953,,33363.577,180424,50452,nara-1950-census/current-eba31d9,13540310,482313.0,0.0,n4-highcpu-32,2,8,nara-cpu-ladder-20260828,rclone.c683315f368a,rclone.c683315f368a.s1
2026-09-scale-diagnostics,nara-1950-census,rclone,1.74.4,recursive-walk,64,diagnostic,timing,diagnostic,UNCALIBRATED,PRESSURE_DEGRADED,SUCCEEDED,,0,0,13540306,390.724939,,34654.317,174680,50476,nara-1950-census/current-eba31d9,13540310,482313.0,0.0,n4-highcpu-32,8,8,nara-rclone-query-recovery-20260828,rclone.f98977525d8a,rclone.f98977525d8a.s1
2026-09-scale-diagnostics,nara-1950-census,s3-fast-list,1.1.0,list,,preparation,timing,preparation,UNCALIBRATED,TIMING_VALID,SUCCEEDED,,0,0,,1366.144726,,,2575088,50680,nara-1950-census/current-eba31d9,13540310,13541.0,0.0,n4-highcpu-32,2,8,nara-cpu-ladder-20260828,s3-fast-list.1b11fa13d82f,s3-fast-list.1b11fa13d82f.s1
2026-09-scale-diagnostics,nara-1950-census,s3-fast-list,1.1.0,list-hinted,100,diagnostic,timing,diagnostic,UNCALIBRATED,TIMING_VALID,SUCCEEDED,,0,0,13540310,90.514304,,149593.041,2617640,56232,nara-1950-census/current-eba31d9,13540310,13979.0,0.0,n4-highcpu-32,2,8,nara-cpu-ladder-20260828,s3-fast-list.26c40bd0b9e4,s3-fast-list.26c40bd0b9e4.s1
2026-09-scale-diagnostics,nara-1950-census,s3-fast-list,1.1.0,list-hinted,100,diagnostic,timing,diagnostic,UNCALIBRATED,PRESSURE_DEGRADED,SUCCEEDED,,0,0,13540310,60.324058,,224459.535,2627364,56232,nara-1950-census/current-eba31d9,13540310,13979.0,0.0,n4-highcpu-32,8,8,nara-config-selection-20260828,s3-fast-list.5204a57477cc,s3-fast-list.5204a57477cc.s1
2026-09-scale-diagnostics,nara-1950-census,s3-fast-list,1.1.0,list-hinted,100,diagnostic,timing,diagnostic,UNCALIBRATED,PRESSURE_DEGRADED,SUCCEEDED,,0,0,13540310,70.106582,,193138.927,2623908,56200,nara-1950-census/current-eba31d9,13540310,13979.0,0.0,n4-highcpu-32,8,8,nara-cpu-ladder-20260828,s3-fast-list.746b09c9e47b,s3-fast-list.746b09c9e47b.s1
2026-09-scale-diagnostics,nara-1950-census,s3-fast-list,1.1.0,list-hinted,100,diagnostic,timing,diagnostic,UNCALIBRATED,PRESSURE_DEGRADED,SUCCEEDED,,0,0,13540310,80.190638,,168851.506,2649576,56296,nara-1950-census/current-eba31d9,13540310,13979.0,0.0,n4-highcpu-32,4,8,nara-cpu-ladder-20260828,s3-fast-list.a6b05eaef95c,s3-fast-list.a6b05eaef95c.s1
2026-09-scale-diagnostics,nara-1950-census,s3-fast-list,1.1.0,list,,preparation,timing,preparation,UNCALIBRATED,TIMING_VALID,SUCCEEDED,,0,0,,1295.414704,,,2548848,50412,nara-1950-census/current-eba31d9,13540310,13541.0,0.0,n4-highcpu-32,8,8,nara-config-selection-20260828,s3-fast-list.e0cd26bd54a1,s3-fast-list.e0cd26bd54a1.s1
2026-09-scale-diagnostics,nara-1950-census,s3p,3.7.2,ls,16,diagnostic,timing,diagnostic,UNCALIBRATED,TIMING_VALID,SUCCEEDED,,0,0,13540310,274.912296,,49253.199,233240,50404,nara-1950-census/current-eba31d9,13540310,26216.0,0.0,n4-highcpu-32,8,8,nara-config-selection-20260828,s3p.019f7a554305,s3p.019f7a554305.s1
2026-09-scale-diagnostics,nara-1950-census,s3p,3.7.2,ls,16,diagnostic,timing,diagnostic,UNCALIBRATED,TIMING_VALID,SUCCEEDED,,0,0,13540310,247.385143,,54733.723,240760,50532,nara-1950-census/current-eba31d9,13540310,26216.0,0.0,n4-highcpu-32,4,8,nara-cpu-ladder-20260828,s3p.154650804ce3,s3p.154650804ce3.s1
2026-09-scale-diagnostics,nara-1950-census,s3p,3.7.2,ls,100,diagnostic,timing,diagnostic,UNCALIBRATED,TIMING_VALID,SUCCEEDED,,0,0,13540310,259.2451,,52229.762,246896,50620,nara-1950-census/current-eba31d9,13540310,26216.0,0.0,n4-highcpu-32,8,8,nara-config-followup-20260828,s3p.35a3ddcae8ab,s3p.35a3ddcae8ab.s1
2026-09-scale-diagnostics,nara-1950-census,s3p,3.7.2,ls,100,diagnostic,timing,diagnostic,UNCALIBRATED,TIMING_VALID,SUCCEEDED,,0,0,13540310,283.144958,,47821.123,242280,50684,nara-1950-census/current-eba31d9,13540310,26216.0,0.0,n4-highcpu-32,8,8,nara-config-followup-20260828,s3p.35a3ddcae8ab,s3p.35a3ddcae8ab.s2
2026-09-scale-diagnostics,nara-1950-census,s3p,3.7.2,ls,16,diagnostic,timing,diagnostic,UNCALIBRATED,TIMING_VALID,SUCCEEDED,,0,0,13540310,232.429367,,58255.59,231628,50692,nara-1950-census/current-eba31d9,13540310,26216.0,0.0,n4-highcpu-32,8,8,nara-config-followup-20260828,s3p.551f47ce787d,s3p.551f47ce787d.s1
2026-09-scale-diagnostics,nara-1950-census,s3p,3.7.2,ls,16,diagnostic,timing,diagnostic,UNCALIBRATED,TIMING_VALID,SUCCEEDED,,0,0,13540310,289.206249,,46818.871,232592,50528,nara-1950-census/current-eba31d9,13540310,26216.0,0.0,n4-highcpu-32,8,8,nara-config-followup-20260828,s3p.551f47ce787d,s3p.551f47ce787d.s2
2026-09-scale-diagnostics,nara-1950-census,s3p,3.7.2,ls,16,diagnostic,timing,diagnostic,UNCALIBRATED,TIMING_VALID,SUCCEEDED,,0,0,13540310,354.653552,,38178.978,214292,50632,nara-1950-census/current-eba31d9,13540310,26216.0,0.0,n4-highcpu-32,2,8,nara-cpu-ladder-20260828,s3p.745893bc083c,s3p.745893bc083c.s1
2026-09-scale-diagnostics,nara-1950-census,s3p,3.7.2,ls,100,diagnostic,timing,diagnostic,UNCALIBRATED,TIMING_VALID,SUCCEEDED,,0,0,13540310,283.452456,,47769.246,239976,50344,nara-1950-census/current-eba31d9,13540310,26216.0,0.0,n4-highcpu-32,8,8,nara-config-selection-20260828,s3p.a62078f72fa3,s3p.a62078f72fa3.s1
2026-09-scale-diagnostics,nara-1950-census,s3p,3.7.2,ls,16,diagnostic,timing,diagnostic,UNCALIBRATED,TIMING_VALID,SUCCEEDED,,0,0,13540310,319.134663,,42428.202,218932,50484,nara-1950-census/current-eba31d9,13540310,26216.0,0.0,n4-highcpu-32,8,8,nara-cpu-ladder-20260828,s3p.b0f0a3c7f393,s3p.b0f0a3c7f393.s1
2026-09-scale-diagnostics,nara-1950-census,s5cmd,v2.3.0,fanout-with-dirs,5,diagnostic,timing,diagnostic,UNCALIBRATED,TIMING_VALID,SUCCEEDED,,0,0,13540310,684.004442,,19795.646,74496,50736,nara-1950-census/current-eba31d9,13540310,13544.0,0.0,n4-highcpu-32,8,8,nara-config-selection-20260828,s5cmd.15289c23b4b8,s5cmd.15289c23b4b8.s1
2026-09-scale-diagnostics,nara-1950-census,s5cmd,v2.3.0,fanout-with-dirs,5,diagnostic,timing,diagnostic,UNCALIBRATED,TIMING_VALID,SUCCEEDED,,0,0,13540310,682.426636,,19841.415,66272,50536,nara-1950-census/current-eba31d9,13540310,13544.0,0.0,n4-highcpu-32,4,8,nara-cpu-ladder-20260828,s5cmd.3800a403a7b8,s5cmd.3800a403a7b8.s1
2026-09-scale-diagnostics,nara-1950-census,s5cmd,v2.3.0,fanout-with-dirs,5,diagnostic,timing,diagnostic,UNCALIBRATED,TIMING_VALID,SUCCEEDED,,0,0,13540310,711.777734,,19023.228,72656,50464,nara-1950-census/current-eba31d9,13540310,13544.0,0.0,n4-highcpu-32,2,8,nara-cpu-ladder-20260828,s5cmd.8f7a79fee1b6,s5cmd.8f7a79fee1b6.s1
2026-09-scale-diagnostics,nara-1950-census,s5cmd,v2.3.0,fanout-with-dirs,5,diagnostic,timing,diagnostic,UNCALIBRATED,TIMING_VALID,SUCCEEDED,,0,0,13540310,671.484522,,20164.739,65792,50844,nara-1950-census/current-eba31d9,13540310,13544.0,0.0,n4-highcpu-32,8,8,nara-cpu-ladder-20260828,s5cmd.b0fc8af25fab,s5cmd.b0fc8af25fab.s1
2026-09-scale-diagnostics,nara-1950-census,s7cmd,1.5.0,recursive-one-nosort,64,diagnostic,timing,diagnostic,UNCALIBRATED,INSUFFICIENT_EVIDENCE,SUCCEEDED,,1,0,,16.227828,,,1250512,50396,nara-1950-census/current-eba31d9,13540310,42760.0,0.0,n4-highcpu-32,8,8,nara-config-selection-20260828,s7cmd.260109fa575e,s7cmd.260109fa575e.s1
2026-09-scale-diagnostics,nara-1950-census,s7cmd,1.5.0,recursive-one-nosort,16,diagnostic,timing,diagnostic,UNCALIBRATED,CAPACITY_FAILED,SUCCEEDED,,0,0,13540310,619.46318,,21858.135,118576,50536,nara-1950-census/current-eba31d9,13540310,13724.0,0.0,n4-highcpu-32,2,8,nara-cpu-ladder-20260828,s7cmd.35ed7828e632,s7cmd.35ed7828e632.s1
2026-09-scale-diagnostics,nara-1950-census,s7cmd,1.5.0,recursive-one-nosort,64,diagnostic,timing,diagnostic,UNCALIBRATED,INSUFFICIENT_EVIDENCE,SUCCEEDED,,1,0,,20.057254,,,1763632,50640,nara-1950-census/current-eba31d9,13540310,56778.0,0.0,n4-highcpu-32,8,8,nara-config-followup-20260828,s7cmd.687ba793890a,s7cmd.687ba793890a.s1
2026-09-scale-diagnostics,nara-1950-census,s7cmd,1.5.0,recursive-one-nosort,16,diagnostic,timing,diagnostic,UNCALIBRATED,CAPACITY_FAILED,SUCCEEDED,,0,0,13540310,605.675142,,22355.73,112764,50544,nara-1950-census/current-eba31d9,13540310,13724.0,0.0,n4-highcpu-32,8,8,nara-s7-depth-recovery-20260828,s7cmd.9ec602a9f545,s7cmd.9ec602a9f545.s1
2026-09-scale-diagnostics,nara-1950-census,s7cmd,1.5.0,recursive-one-nosort,16,diagnostic,timing,diagnostic,UNCALIBRATED,INSUFFICIENT_EVIDENCE,SUCCEEDED,,1,0,,19.925774,,,1803664,50432,nara-1950-census/current-eba31d9,13540310,54178.0,0.0,n4-highcpu-32,8,8,nara-config-followup-20260828,s7cmd.a1cc73305317,s7cmd.a1cc73305317.s1
2026-09-scale-diagnostics,nara-1950-census,s7cmd,1.5.0,recursive-one-nosort,16,diagnostic,timing,diagnostic,UNCALIBRATED,CAPACITY_FAILED,SUCCEEDED,,0,0,13540310,600.991088,,22529.968,111160,50684,nara-1950-census/current-eba31d9,13540310,13724.0,0.0,n4-highcpu-32,8,8,nara-cpu-ladder-20260828,s7cmd.bdba69aad415,s7cmd.bdba69aad415.s1
2026-09-scale-diagnostics,nara-1950-census,s7cmd,1.5.0,recursive-one-nosort,64,diagnostic,timing,diagnostic,UNCALIBRATED,CAPACITY_FAILED,SUCCEEDED,,0,0,13540310,605.169168,,22374.421,116212,50692,nara-1950-census/current-eba31d9,13540310,13724.0,0.0,n4-highcpu-32,8,8,nara-s7-depth-recovery-20260828,s7cmd.d144b6bc57c5,s7cmd.d144b6bc57c5.s1
2026-09-scale-diagnostics,nara-1950-census,s7cmd,1.5.0,recursive-one-nosort,16,diagnostic,timing,diagnostic,UNCALIBRATED,CAPACITY_FAILED,SUCCEEDED,,0,0,13540310,612.349178,,22112.073,111588,50484,nara-1950-census/current-eba31d9,13540310,13724.0,0.0,n4-highcpu-32,4,8,nara-cpu-ladder-20260828,s7cmd.e3e87085c4d3,s7cmd.e3e87085c4d3.s1
2026-09-scale-diagnostics,nara-1950-census,swath,0.2.5-SNAPSHOT,recursive-tsv-dataset,128,diagnostic,timing,diagnostic,UNCALIBRATED,CAPACITY_FAILED,SUCCEEDED,,0,0,13540310,69.35415,,195234.315,1258696,51028,nara-1950-census/current-eba31d9,13540310,15302.0,0.0,n4-highcpu-32,8,8,swath-postfix-nara-select-20260901,swath.019dc4caa6a8,swath.019dc4caa6a8.s1
2026-09-scale-diagnostics,nara-1950-census,swath,0.2.5-SNAPSHOT,recursive-tsv-dataset,64,diagnostic,timing,diagnostic,UNCALIBRATED,CAPACITY_FAILED,SUCCEEDED,,0,0,13540310,60.360377,,224324.477,655468,50688,nara-1950-census/current-eba31d9,13540310,15015.0,0.0,n4-highcpu-32,8,8,nara-config-selection-20260828,swath.03e100f52388,swath.03e100f52388.s1
2026-09-scale-diagnostics,nara-1950-census,swath,0.3.1,recursive-tsv-dataset,64,diagnostic,timing,diagnostic,UNCALIBRATED,CAPACITY_FAILED,SUCCEEDED,,0,0,13540310,61.414204,,220475.218,573476,51244,nara-1950-census/current-eba31d9,13540310,15096.0,0.0,n4-highcpu-32,4,8,swath-031-nara-cpu-20260901,swath.1998466d6cd7,swath.1998466d6cd7.s1
2026-09-scale-diagnostics,nara-1950-census,swath,0.2.5-SNAPSHOT,recursive-tsv-dataset,64,diagnostic,timing,diagnostic,UNCALIBRATED,CAPACITY_FAILED,SUCCEEDED,,0,0,13540310,64.889032,,208668.701,576900,51344,nara-1950-census/current-eba31d9,13540310,15037.0,0.0,n4-highcpu-32,2,8,swath-postfix-nara-cpu-20260901,swath.1b37ca615b8d,swath.1b37ca615b8d.s1
2026-09-scale-diagnostics,nara-1950-census,swath,0.3.1,recursive-tsv-dataset,128,diagnostic,timing,diagnostic,UNCALIBRATED,CAPACITY_FAILED,SUCCEEDED,,0,0,13540310,65.288346,,207392.449,988536,51152,nara-1950-census/current-eba31d9,13540310,15391.0,0.0,n4-highcpu-32,8,8,swath-031-nara-select-20260901,swath.2e4cae70865d,swath.2e4cae70865d.s1
2026-09-scale-diagnostics,nara-1950-census,swath,0.2.5-SNAPSHOT,recursive-tsv-dataset,64,diagnostic,timing,diagnostic,UNCALIBRATED,CAPACITY_FAILED,SUCCEEDED,,0,0,13540310,63.61173,,212858.698,566760,50372,nara-1950-census/current-eba31d9,13540310,15013.0,0.0,n4-highcpu-32,4,8,nara-cpu-ladder-20260828,swath.30d489856467,swath.30d489856467.s1
2026-09-scale-diagnostics,nara-1950-census,swath,0.3.1,recursive-tsv-dataset,64,diagnostic,timing,diagnostic,UNCALIBRATED,CAPACITY_FAILED,SUCCEEDED,,0,0,13540310,72.154961,,187655.981,571436,51164,nara-1950-census/current-eba31d9,13540310,15138.0,0.0,n4-highcpu-32,2,8,swath-031-nara-cpu-20260901,swath.3d24514adc9f,swath.3d24514adc9f.s1
2026-09-scale-diagnostics,nara-1950-census,swath,0.2.5-SNAPSHOT,recursive-tsv-dataset,64,diagnostic,timing,diagnostic,UNCALIBRATED,CAPACITY_FAILED,SUCCEEDED,,0,0,13540310,62.235099,,217567.1,614700,50508,nara-1950-census/current-eba31d9,13540310,15034.0,0.0,n4-highcpu-32,8,8,nara-config-followup-20260828,swath.43aea1a4a5b9,swath.43aea1a4a5b9.s1
2026-09-scale-diagnostics,nara-1950-census,swath,0.2.5-SNAPSHOT,recursive-tsv-dataset,64,diagnostic,timing,diagnostic,UNCALIBRATED,CAPACITY_FAILED,SUCCEEDED,,0,0,13540310,58.914549,,229829.647,556940,50540,nara-1950-census/current-eba31d9,13540310,15017.0,0.0,n4-highcpu-32,8,8,nara-config-followup-20260828,swath.43aea1a4a5b9,swath.43aea1a4a5b9.s2
2026-09-scale-diagnostics,nara-1950-census,swath,0.2.5-SNAPSHOT,recursive-tsv-dataset,64,diagnostic,timing,diagnostic,UNCALIBRATED,CAPACITY_FAILED,SUCCEEDED,,0,0,13540310,60.765437,,222829.139,552556,51372,nara-1950-census/current-eba31d9,13540310,15014.0,0.0,n4-highcpu-32,8,8,swath-postfix-nara-select-20260901,swath.6426dc9bb18a,swath.6426dc9bb18a.s1
2026-09-scale-diagnostics,nara-1950-census,swath,0.2.5-SNAPSHOT,recursive-tsv-dataset,64,diagnostic,timing,diagnostic,UNCALIBRATED,CAPACITY_FAILED,SUCCEEDED,,0,0,13540310,76.824739,,176249.346,607040,50776,nara-1950-census/current-eba31d9,13540310,14999.0,0.0,n4-highcpu-32,2,8,nara-cpu-ladder-20260828,swath.af45ccd04179,swath.af45ccd04179.s1
2026-09-scale-diagnostics,nara-1950-census,swath,0.2.5-SNAPSHOT,recursive-tsv-dataset,128,diagnostic,timing,diagnostic,UNCALIBRATED,CAPACITY_FAILED,SUCCEEDED,,0,0,13540310,66.350522,,204072.396,1332112,50688,nara-1950-census/current-eba31d9,13540310,15308.0,0.0,n4-highcpu-32,8,8,nara-config-followup-20260828,swath.b3117133171c,swath.b3117133171c.s1
2026-09-scale-diagnostics,nara-1950-census,swath,0.2.5-SNAPSHOT,recursive-tsv-dataset,128,diagnostic,timing,diagnostic,UNCALIBRATED,CAPACITY_FAILED,SUCCEEDED,,0,0,13540310,65.815746,,205730.556,878104,50516,nara-1950-census/current-eba31d9,13540310,15293.0,0.0,n4-highcpu-32,8,8,nara-config-followup-20260828,swath.b3117133171c,swath.b3117133171c.s2
2026-09-scale-diagnostics,nara-1950-census,swath,0.2.5-SNAPSHOT,recursive-tsv-dataset,64,diagnostic,timing,diagnostic,UNCALIBRATED,CAPACITY_FAILED,SUCCEEDED,,0,0,13540310,59.880586,,226121.869,547160,51128,nara-1950-census/current-eba31d9,13540310,15038.0,0.0,n4-highcpu-32,4,8,swath-postfix-nara-cpu-20260901,swath.c91366718fa9,swath.c91366718fa9.s1
2026-09-scale-diagnostics,nara-1950-census,swath,0.3.1,recursive-tsv-dataset,64,diagnostic,timing,diagnostic,UNCALIBRATED,CAPACITY_FAILED,SUCCEEDED,,0,0,13540310,58.065476,,233190.373,606572,51236,nara-1950-census/current-eba31d9,13540310,15067.0,0.0,n4-highcpu-32,8,8,swath-031-nara-select-20260901,swath.d05f5502548b,swath.d05f5502548b.s1
2026-09-scale-diagnostics,nara-1950-census,swath,0.2.5-SNAPSHOT,recursive-tsv-dataset,128,diagnostic,timing,diagnostic,UNCALIBRATED,CAPACITY_FAILED,SUCCEEDED,,0,0,13540310,65.318288,,207297.38,796320,50728,nara-1950-census/current-eba31d9,13540310,15267.0,0.0,n4-highcpu-32,8,8,nara-config-selection-20260828,swath.da15f89824cc,swath.da15f89824cc.s1
2026-09-scale-diagnostics,nara-1950-census,swath,0.2.5-SNAPSHOT,recursive-tsv-dataset,64,diagnostic,timing,diagnostic,UNCALIBRATED,CAPACITY_FAILED,SUCCEEDED,,0,0,13540310,62.597767,,216306.598,756336,50520,nara-1950-census/current-eba31d9,13540310,14975.0,0.0,n4-highcpu-32,8,8,nara-cpu-ladder-20260828,swath.e8846ecdbbd6,swath.e8846ecdbbd6.s1
2026-09-scale-diagnostics,noaa-nbm-grib2-pds,rclone,1.74.4,recursive-walk,64,diagnostic,timing,diagnostic,UNCALIBRATED,TIMING_VALID,SUCCEEDED,,0,0,66405936,327.183359,,202962.45,128372,50404,noaa-nbm-grib2-pds/current-eba31d9,66405936,197314.0,0.0,n4-highcpu-32,8,8,nbm-capacity-20260828,rclone.14e265d296a0,rclone.14e265d296a0.s1
2026-09-scale-diagnostics,noaa-nbm-grib2-pds,s3-fast-list,1.1.0,list-hinted-fixture,100,diagnostic,timing,diagnostic,UNCALIBRATED,PRESSURE_DEGRADED,SUCCEEDED,,0,0,66405936,333.8038,,198937.028,11347320,50356,noaa-nbm-grib2-pds/current-eba31d9,66405936,66753.0,0.0,n4-highcpu-32,8,16,nbm-s3fl-16g-fixed-20260828,s3-fast-list.246cf7252988,s3-fast-list.246cf7252988.s1
2026-09-scale-diagnostics,noaa-nbm-grib2-pds,s3-fast-list,1.1.0,list-hinted-fixture,100,diagnostic,timing,diagnostic,UNCALIBRATED,CAPACITY_FAILED,FAILED,,-9,1,,56.309156,,,8346936,50572,noaa-nbm-grib2-pds/current-eba31d9,66405936,50168.0,0.0,n4-highcpu-32,8,8,nbm-capacity-20260828,s3-fast-list.500509011e5c,s3-fast-list.500509011e5c.s1
2026-09-scale-diagnostics,noaa-nbm-grib2-pds,s3-fast-list,1.1.0,list-hinted-fixture,100,diagnostic,timing,diagnostic,UNCALIBRATED,PRESSURE_DEGRADED,FAILED,,0,11,,317.345912,,,11338620,50252,noaa-nbm-grib2-pds/current-eba31d9,66405936,66753.0,0.0,n4-highcpu-32,8,16,nbm-s3fl-16g-20260828,s3-fast-list.540930a67436,s3-fast-list.540930a67436.s1
2026-09-scale-diagnostics,noaa-nbm-grib2-pds,s3p,3.7.2,ls,16,diagnostic,timing,diagnostic,UNCALIBRATED,TIMING_VALID,SUCCEEDED,,0,0,66405936,1300.024568,,51080.524,248804,50492,noaa-nbm-grib2-pds/current-eba31d9,66405936,109286.0,0.0,n4-highcpu-32,8,8,nbm-capacity-20260828,s3p.c212f057b954,s3p.c212f057b954.s1
2026-09-scale-diagnostics,noaa-nbm-grib2-pds,s5cmd,v2.3.0,fanout-fixture-with-dirs,64,diagnostic,timing,diagnostic,UNCALIBRATED,TIMING_VALID,FAILED,,0,11,,368.862473,,,1414520,50492,noaa-nbm-grib2-pds/current-eba31d9,66405936,67429.0,0.0,n4-highcpu-32,8,8,nbm-s5-fair-20260829,s5cmd.54ac02736fd0,s5cmd.54ac02736fd0.s1
2026-09-scale-diagnostics,noaa-nbm-grib2-pds,s5cmd,v2.3.0,fanout-with-dirs,8,diagnostic,timing,diagnostic,UNCALIBRATED,TIMING_VALID,SUCCEEDED,,0,0,66405936,1175.975476,,56468.81,129304,50468,noaa-nbm-grib2-pds/current-eba31d9,66405936,66411.0,0.0,n4-highcpu-32,8,8,nbm-capacity-20260828,s5cmd.80355aeb9cb4,s5cmd.80355aeb9cb4.s1
2026-09-scale-diagnostics,noaa-nbm-grib2-pds,s5cmd,v2.3.0,fanout-fixture-with-dirs,64,diagnostic,timing,diagnostic,UNCALIBRATED,TIMING_VALID,SUCCEEDED,,0,0,66405936,352.246869,,188521.011,1380592,50456,noaa-nbm-grib2-pds/current-eba31d9,66405936,67429.0,0.0,n4-highcpu-32,8,8,nbm-s5-fix-20260829,s5cmd.962211b4b344,s5cmd.962211b4b344.s1
2026-09-scale-diagnostics,noaa-nbm-grib2-pds,s7cmd,1.5.0,recursive-one-nosort,16,diagnostic,timing,diagnostic,UNCALIBRATED,INSUFFICIENT_EVIDENCE,SUCCEEDED,,1,0,,30.837773,,,1179648,50620,noaa-nbm-grib2-pds/current-eba31d9,66405936,2300.0,0.0,n4-highcpu-32,8,8,nbm-s7-retry1-20260828,s7cmd.430ec25e6903,s7cmd.430ec25e6903.s1
2026-09-scale-diagnostics,noaa-nbm-grib2-pds,s7cmd,1.5.0,recursive-one-nosort,16,diagnostic,timing,diagnostic,UNCALIBRATED,INSUFFICIENT_EVIDENCE,SUCCEEDED,,1,0,,28.274354,,,1188864,50712,noaa-nbm-grib2-pds/current-eba31d9,66405936,2315.0,0.0,n4-highcpu-32,8,8,nbm-capacity-20260828,s7cmd.92ba852a317e,s7cmd.92ba852a317e.s1
2026-09-scale-diagnostics,noaa-nbm-grib2-pds,s7cmd,1.5.0,recursive-one-nosort,16,diagnostic,timing,diagnostic,UNCALIBRATED,INSUFFICIENT_EVIDENCE,SUCCEEDED,,1,0,,29.853153,,,1179548,50644,noaa-nbm-grib2-pds/current-eba31d9,66405936,2301.0,0.0,n4-highcpu-32,8,8,nbm-s7-nofile-20260828,s7cmd.e711928ed6c9,s7cmd.e711928ed6c9.s1
2026-09-scale-diagnostics,noaa-nbm-grib2-pds,s7cmd,1.5.0,recursive-one-nosort,4,diagnostic,timing,diagnostic,UNCALIBRATED,INSUFFICIENT_EVIDENCE,SUCCEEDED,,1,0,,49.28897,,,1182976,50468,noaa-nbm-grib2-pds/current-eba31d9,66405936,2312.0,0.0,n4-highcpu-32,8,8,nbm-s7-c4-20260828,s7cmd.f79c156b4ae8,s7cmd.f79c156b4ae8.s1
2026-09-scale-diagnostics,noaa-nbm-grib2-pds,swath,0.2.5-SNAPSHOT,recursive-tsv-dataset,64,diagnostic,timing,diagnostic,UNCALIBRATED,CAPACITY_FAILED,SUCCEEDED,,0,0,66405936,123.435084,,537982.669,743456,50608,noaa-nbm-grib2-pds/current-eba31d9,66405936,67399.0,0.0,n4-highcpu-32,8,8,nbm-capacity-20260828,swath.1a8598593dbb,swath.1a8598593dbb.s1
2026-09-scale-diagnostics,noaa-nbm-grib2-pds,swath,0.2.5-SNAPSHOT,recursive-tsv-dataset,64,diagnostic,timing,diagnostic,UNCALIBRATED,CAPACITY_FAILED,SUCCEEDED,,0,0,66405936,121.44185,,546812.619,511364,51164,noaa-nbm-grib2-pds/current-eba31d9,66405936,67374.0,0.0,n4-highcpu-32,8,8,swath-postfix-nbm-20260901,swath.88d878b7269e,swath.88d878b7269e.s1
2026-09-scale-diagnostics,noaa-nbm-grib2-pds,swath,0.3.1,recursive-tsv-dataset,64,diagnostic,timing,diagnostic,UNCALIBRATED,CAPACITY_FAILED,SUCCEEDED,,0,0,66405936,117.536449,,564981.642,638180,51196,noaa-nbm-grib2-pds/current-eba31d9,66405936,67607.0,0.0,n4-highcpu-32,8,8,swath-031-nbm-20260901,swath.df1d7593b967,swath.df1d7593b967.s1
2026-09-scale-diagnostics,noaa-nws-fourcastnetgfs-pds,aws-cli,2.36.1,s3api-v2-text,,diagnostic,timing,diagnostic,UNCALIBRATED,TIMING_VALID,SUCCEEDED,,0,0,4081170,732.310513,,5573.005,85336,50516,noaa-nws-fourcastnetgfs-pds/1b8be9d08d1006a5dc15dd0f190862c3871d664d3a8b68b4f7d2ddd7be8b0ad4,4081171,4082.0,0.0,n4-highcpu-16,6,16,latency-fixed-replay-20260826,aws-cli.133035bc6c64,aws-cli.133035bc6c64.s1
2026-09-scale-diagnostics,noaa-nws-fourcastnetgfs-pds,aws-cli,2.36.1,s3api-v2-text,,diagnostic,timing,diagnostic,UNCALIBRATED,TIMING_VALID,SUCCEEDED,,0,0,4081170,686.997762,,5940.587,85204,50304,noaa-nws-fourcastnetgfs-pds/current-eba31d9,4081170,4082.0,0.0,n4-highcpu-16,4,8,fc-cpu-corrected-20260828,aws-cli.1b6197da2049,aws-cli.1b6197da2049.s1
2026-09-scale-diagnostics,noaa-nws-fourcastnetgfs-pds,aws-cli,2.36.1,s3api-v2-text,,diagnostic,timing,diagnostic,UNCALIBRATED,TIMING_VALID,SUCCEEDED,,0,0,4081170,748.85467,,5449.883,85308,50400,noaa-nws-fourcastnetgfs-pds/1b8be9d08d1006a5dc15dd0f190862c3871d664d3a8b68b4f7d2ddd7be8b0ad4,4081171,4082.0,0.0,n4-highcpu-16,8,8,fc-cpu-screen-20260828,aws-cli.6090960d367c,aws-cli.6090960d367c.s1
2026-09-scale-diagnostics,noaa-nws-fourcastnetgfs-pds,aws-cli,,s3api-v2-text,,diagnostic,timing,diagnostic,UNCALIBRATED,,CANCELLED,cancelled by the operator,,,,,,,,,noaa-nws-fourcastnetgfs-pds/1b8be9d08d1006a5dc15dd0f190862c3871d664d3a8b68b4f7d2ddd7be8b0ad4,4081171,,,n4-highcpu-16,6,16,all-tools-no-latency-screen-20260826,aws-cli.62e242fb6445,aws-cli.62e242fb6445.s1
2026-09-scale-diagnostics,noaa-nws-fourcastnetgfs-pds,aws-cli,2.36.1,s3api-v2-text,,diagnostic,timing,diagnostic,UNCALIBRATED,TIMING_VALID,SUCCEEDED,,0,0,4081170,777.129413,,5251.596,85120,50336,noaa-nws-fourcastnetgfs-pds/1b8be9d08d1006a5dc15dd0f190862c3871d664d3a8b68b4f7d2ddd7be8b0ad4,4081171,4082.0,0.0,n4-highcpu-8,4,8,fc-cpu-screen-20260828,aws-cli.7f13456bf490,aws-cli.7f13456bf490.s1
2026-09-scale-diagnostics,noaa-nws-fourcastnetgfs-pds,aws-cli,2.36.1,s3api-v2-text,,diagnostic,timing,diagnostic,UNCALIBRATED,TIMING_VALID,SUCCEEDED,,0,0,4081170,753.574164,,5415.751,85336,50332,noaa-nws-fourcastnetgfs-pds/1b8be9d08d1006a5dc15dd0f190862c3871d664d3a8b68b4f7d2ddd7be8b0ad4,4081171,4082.0,0.0,n4-highcpu-8,2,8,fc-cpu-screen-20260828,aws-cli.827e24b8b324,aws-cli.827e24b8b324.s1
2026-09-scale-diagnostics,noaa-nws-fourcastnetgfs-pds,aws-cli,2.36.1,s3api-v2-text,,diagnostic,timing,diagnostic,UNCALIBRATED,NOT_APPLICABLE,SUCCEEDED,,0,0,4081170,405.222497,,10071.43,85208,50104,noaa-nws-fourcastnetgfs-pds/1b8be9d08d1006a5dc15dd0f190862c3871d664d3a8b68b4f7d2ddd7be8b0ad4,4081171,4082.0,0.0,n4-highcpu-16,6,16,all-tools-no-latency-screen-r2-20260826,aws-cli.a71c601cf098,aws-cli.a71c601cf098.s1
2026-09-scale-diagnostics,noaa-nws-fourcastnetgfs-pds,aws-cli,2.36.1,s3api-v2-text,,diagnostic,timing,diagnostic,UNCALIBRATED,TIMING_VALID,SUCCEEDED,,0,0,4081170,700.047309,,5829.849,85076,50528,noaa-nws-fourcastnetgfs-pds/current-eba31d9,4081170,4082.0,0.0,n4-highcpu-32,8,8,fc-cpu-corrected-20260828,aws-cli.a7d9377bd706,aws-cli.a7d9377bd706.s1
2026-09-scale-diagnostics,noaa-nws-fourcastnetgfs-pds,aws-cli,2.36.1,s3api-v2-text,,diagnostic,timing,diagnostic,UNCALIBRATED,PRESSURE_DEGRADED,SUCCEEDED,,0,0,4081170,758.381661,,5381.42,85208,50616,noaa-nws-fourcastnetgfs-pds/current-eba31d9,4081170,4082.0,0.0,n4-highcpu-16,2,8,fc-cpu-corrected-20260828,aws-cli.f457ee1b6936,aws-cli.f457ee1b6936.s1
2026-09-scale-diagnostics,noaa-nws-fourcastnetgfs-pds,minio-mc,RELEASE.2025-08-13T08-35-41Z,recursive,,diagnostic,timing,diagnostic,UNCALIBRATED,TIMING_VALID,SUCCEEDED,,0,0,4081170,419.69381,,9724.161,49920,50264,noaa-nws-fourcastnetgfs-pds/current-eba31d9,4081170,4082.0,0.0,n4-highcpu-32,8,8,fc-cpu-corrected-20260828,minio-mc.04c17e5ac8da,minio-mc.04c17e5ac8da.s1
2026-09-scale-diagnostics,noaa-nws-fourcastnetgfs-pds,minio-mc,RELEASE.2025-08-13T08-35-41Z,recursive,,diagnostic,timing,diagnostic,UNCALIBRATED,TIMING_VALID,SUCCEEDED,,0,0,4081170,429.335648,,9505.779,50444,50560,noaa-nws-fourcastnetgfs-pds/current-eba31d9,4081170,4082.0,0.0,n4-highcpu-16,2,8,fc-cpu-corrected-20260828,minio-mc.060e4f88487d,minio-mc.060e4f88487d.s1
2026-09-scale-diagnostics,noaa-nws-fourcastnetgfs-pds,minio-mc,RELEASE.2025-08-13T08-35-41Z,recursive,,diagnostic,timing,diagnostic,UNCALIBRATED,TIMING_VALID,SUCCEEDED,,0,0,4081170,434.855479,,9385.118,50200,50344,noaa-nws-fourcastnetgfs-pds/1b8be9d08d1006a5dc15dd0f190862c3871d664d3a8b68b4f7d2ddd7be8b0ad4,4081171,4082.0,0.0,n4-highcpu-8,2,8,fc-cpu-screen-20260828,minio-mc.0fa73f3d857c,minio-mc.0fa73f3d857c.s1
2026-09-scale-diagnostics,noaa-nws-fourcastnetgfs-pds,minio-mc,RELEASE.2025-08-13T08-35-41Z,recursive,,diagnostic,timing,diagnostic,UNCALIBRATED,TIMING_VALID,SUCCEEDED,,0,0,4081170,447.842612,,9112.956,50588,50692,noaa-nws-fourcastnetgfs-pds/1b8be9d08d1006a5dc15dd0f190862c3871d664d3a8b68b4f7d2ddd7be8b0ad4,4081171,4082.0,0.0,n4-highcpu-8,4,8,fc-cpu-screen-20260828,minio-mc.213b4a6abf81,minio-mc.213b4a6abf81.s1
2026-09-scale-diagnostics,noaa-nws-fourcastnetgfs-pds,minio-mc,RELEASE.2025-08-13T08-35-41Z,recursive,,diagnostic,timing,diagnostic,UNCALIBRATED,TIMING_VALID,SUCCEEDED,,0,0,4081170,445.200942,,9167.029,50216,50332,noaa-nws-fourcastnetgfs-pds/1b8be9d08d1006a5dc15dd0f190862c3871d664d3a8b68b4f7d2ddd7be8b0ad4,4081171,4082.0,0.0,n4-highcpu-16,8,8,fc-cpu-screen-20260828,minio-mc.3b683022e5f2,minio-mc.3b683022e5f2.s1
2026-09-scale-diagnostics,noaa-nws-fourcastnetgfs-pds,minio-mc,RELEASE.2025-08-13T08-35-41Z,recursive-json,,diagnostic,timing,diagnostic,UNCALIBRATED,TIMING_VALID,SUCCEEDED,,0,0,4081170,465.295884,,8771.129,50176,50200,noaa-nws-fourcastnetgfs-pds/1b8be9d08d1006a5dc15dd0f190862c3871d664d3a8b68b4f7d2ddd7be8b0ad4,4081171,4082.0,0.0,n4-highcpu-16,6,16,latency-fixed-replay-20260826,minio-mc.4efa4e73d574,minio-mc.4efa4e73d574.s1
2026-09-scale-diagnostics,noaa-nws-fourcastnetgfs-pds,minio-mc,RELEASE.2025-08-13T08-35-41Z,recursive,,diagnostic,timing,diagnostic,UNCALIBRATED,TIMING_VALID,SUCCEEDED,,0,0,4081170,427.700575,,9542.12,50200,50312,noaa-nws-fourcastnetgfs-pds/current-eba31d9,4081170,4082.0,0.0,n4-highcpu-16,4,8,fc-cpu-corrected-20260828,minio-mc.798dc22115ed,minio-mc.798dc22115ed.s1
2026-09-scale-diagnostics,noaa-nws-fourcastnetgfs-pds,minio-mc,RELEASE.2025-08-13T08-35-41Z,recursive,,diagnostic,timing,diagnostic,UNCALIBRATED,NOT_APPLICABLE,SUCCEEDED,,0,0,4081170,105.984393,,38507.273,50052,50200,noaa-nws-fourcastnetgfs-pds/1b8be9d08d1006a5dc15dd0f190862c3871d664d3a8b68b4f7d2ddd7be8b0ad4,4081171,4082.0,0.0,n4-highcpu-16,6,16,all-tools-no-latency-screen-r2-20260826,minio-mc.8598774a0b62,minio-mc.8598774a0b62.s1
2026-09-scale-diagnostics,noaa-nws-fourcastnetgfs-pds,minio-mc,RELEASE.2025-08-13T08-35-41Z,recursive,,diagnostic,timing,diagnostic,UNCALIBRATED,NOT_APPLICABLE,SUCCEEDED,,0,0,4081170,104.675528,,38988.769,49904,50152,noaa-nws-fourcastnetgfs-pds/1b8be9d08d1006a5dc15dd0f190862c3871d664d3a8b68b4f7d2ddd7be8b0ad4,4081171,4082.0,0.0,n4-highcpu-16,6,16,all-tools-no-latency-screen-20260826,minio-mc.e2fed0fc786b,minio-mc.e2fed0fc786b.s1
2026-09-scale-diagnostics,noaa-nws-fourcastnetgfs-pds,ps3,,list,256,diagnostic,timing,diagnostic,UNCALIBRATED,,FAILED,,,,,,,,,,noaa-nws-fourcastnetgfs-pds/1b8be9d08d1006a5dc15dd0f190862c3871d664d3a8b68b4f7d2ddd7be8b0ad4,4081171,,,n4-highcpu-16,6,16,capacity-no-latency-20260826,ps3.15a8814f300b,ps3.15a8814f300b.s1
2026-09-scale-diagnostics,noaa-nws-fourcastnetgfs-pds,ps3,0.1.16,list,256,diagnostic,timing,diagnostic,UNCALIBRATED,NOT_APPLICABLE,SUCCEEDED,,0,0,4081170,85.364684,,47808.646,112584,50256,noaa-nws-fourcastnetgfs-pds/1b8be9d08d1006a5dc15dd0f190862c3871d664d3a8b68b4f7d2ddd7be8b0ad4,4081171,20073.0,0.0,n4-highcpu-16,6,16,capacity-no-latency-rerun-20260826,ps3.15a8814f300b,ps3.15a8814f300b.s2
2026-09-scale-diagnostics,noaa-nws-fourcastnetgfs-pds,ps3,0.1.16,list,256,diagnostic,timing,diagnostic,UNCALIBRATED,NOT_APPLICABLE,SUCCEEDED,,0,0,4081170,74.133567,,55051.58,106208,50160,noaa-nws-fourcastnetgfs-pds/1b8be9d08d1006a5dc15dd0f190862c3871d664d3a8b68b4f7d2ddd7be8b0ad4,4081171,20073.0,0.0,n4-highcpu-16,6,16,all-tools-no-latency-screen-20260826,ps3.15a8814f300b,ps3.15a8814f300b.s3
2026-09-scale-diagnostics,noaa-nws-fourcastnetgfs-pds,ps3,0.1.16,list,256,diagnostic,timing,diagnostic,UNCALIBRATED,PRESSURE_DEGRADED,SUCCEEDED,,124,0,,1800.013382,,,167652,50332,noaa-nws-fourcastnetgfs-pds/current-eba31d9,4081170,469241.0,0.0,n4-highcpu-32,8,8,fc-ps3-p5000-20260829,ps3.31a9e4da68b2,ps3.31a9e4da68b2.s1
2026-09-scale-diagnostics,noaa-nws-fourcastnetgfs-pds,ps3,0.1.16,list,256,diagnostic,timing,diagnostic,UNCALIBRATED,CAPACITY_FAILED,SUCCEEDED,,0,0,4081170,391.046315,,10436.539,90032,50304,noaa-nws-fourcastnetgfs-pds/1b8be9d08d1006a5dc15dd0f190862c3871d664d3a8b68b4f7d2ddd7be8b0ad4,4081171,18372.0,0.0,n4-highcpu-8,4,8,fc-cpu-screen-20260828,ps3.412c2e0d173d,ps3.412c2e0d173d.s1
2026-09-scale-diagnostics,noaa-nws-fourcastnetgfs-pds,ps3,0.1.16,list,256,diagnostic,timing,diagnostic,UNCALIBRATED,NOT_APPLICABLE,SUCCEEDED,,0,0,4081170,74.647726,,54672.396,124176,50272,noaa-nws-fourcastnetgfs-pds/1b8be9d08d1006a5dc15dd0f190862c3871d664d3a8b68b4f7d2ddd7be8b0ad4,4081171,20074.0,0.0,n4-highcpu-16,6,16,all-tools-no-latency-screen-r2-20260826,ps3.5070f85de66f,ps3.5070f85de66f.s1
2026-09-scale-diagnostics,noaa-nws-fourcastnetgfs-pds,ps3,0.1.16,list,256,diagnostic,timing,diagnostic,UNCALIBRATED,TIMING_VALID,SUCCEEDED,,0,0,4081170,369.287718,,11051.464,92116,50628,noaa-nws-fourcastnetgfs-pds/current-eba31d9,4081170,18372.0,0.0,n4-highcpu-32,8,8,fc-cpu-corrected-20260828,ps3.55c79d26bce0,ps3.55c79d26bce0.s1
2026-09-scale-diagnostics,noaa-nws-fourcastnetgfs-pds,ps3,0.1.16,list,256,diagnostic,timing,diagnostic,UNCALIBRATED,CAPACITY_FAILED,SUCCEEDED,,0,0,4081170,363.796236,,11218.285,95992,50012,noaa-nws-fourcastnetgfs-pds/1b8be9d08d1006a5dc15dd0f190862c3871d664d3a8b68b4f7d2ddd7be8b0ad4,4081171,18372.0,0.0,n4-highcpu-16,6,16,latency-fixed-replay-20260826,ps3.899d73fbec91,ps3.899d73fbec91.s1
2026-09-scale-diagnostics,noaa-nws-fourcastnetgfs-pds,ps3,0.1.16,list,256,diagnostic,timing,diagnostic,UNCALIBRATED,TIMING_VALID,SUCCEEDED,,0,0,4081170,383.715928,,10635.915,130696,50492,noaa-nws-fourcastnetgfs-pds/current-eba31d9,4081170,18372.0,0.0,n4-highcpu-16,2,8,fc-cpu-corrected-20260828,ps3.8ba2da65fedd,ps3.8ba2da65fedd.s1
2026-09-scale-diagnostics,noaa-nws-fourcastnetgfs-pds,ps3,0.1.16,list,256,diagnostic,timing,diagnostic,UNCALIBRATED,CAPACITY_FAILED,SUCCEEDED,,0,0,4081170,382.16314,,10679.13,87664,50484,noaa-nws-fourcastnetgfs-pds/1b8be9d08d1006a5dc15dd0f190862c3871d664d3a8b68b4f7d2ddd7be8b0ad4,4081171,18372.0,0.0,n4-highcpu-8,2,8,fc-cpu-screen-20260828,ps3.afa0fa7c5482,ps3.afa0fa7c5482.s1
2026-09-scale-diagnostics,noaa-nws-fourcastnetgfs-pds,ps3,0.1.16,list,256,diagnostic,timing,diagnostic,UNCALIBRATED,CAPACITY_FAILED,SUCCEEDED,,0,0,4081170,361.32357,,11295.056,97180,50336,noaa-nws-fourcastnetgfs-pds/1b8be9d08d1006a5dc15dd0f190862c3871d664d3a8b68b4f7d2ddd7be8b0ad4,4081171,18372.0,0.0,n4-highcpu-16,8,8,fc-cpu-screen-20260828,ps3.b5bfcca0d67d,ps3.b5bfcca0d67d.s1
2026-09-scale-diagnostics,noaa-nws-fourcastnetgfs-pds,ps3,0.1.16,list,256,diagnostic,timing,diagnostic,UNCALIBRATED,TIMING_VALID,SUCCEEDED,,0,0,4081170,371.489446,,10985.965,89860,50364,noaa-nws-fourcastnetgfs-pds/current-eba31d9,4081170,18372.0,0.0,n4-highcpu-16,4,8,fc-cpu-corrected-20260828,ps3.e90c76486e4c,ps3.e90c76486e4c.s1
2026-09-scale-diagnostics,noaa-nws-fourcastnetgfs-pds,rclone,1.74.4,recursive-walk,32,diagnostic,timing,diagnostic,UNCALIBRATED,INSUFFICIENT_EVIDENCE,SUCCEEDED,,0,0,4081170,22.608323,,180516.264,233968,50644,noaa-nws-fourcastnetgfs-pds/current-eba31d9,4081170,7684.0,0.0,n4-highcpu-32,8,8,fc-isolated-ladder-20260828,rclone.02c97661c8b3,rclone.02c97661c8b3.s1
2026-09-scale-diagnostics,noaa-nws-fourcastnetgfs-pds,rclone,1.74.4,recursive-walk,32,diagnostic,timing,diagnostic,UNCALIBRATED,CAPACITY_FAILED,SUCCEEDED,,0,0,4081170,70.105155,,58214.977,214884,50444,noaa-nws-fourcastnetgfs-pds/current-eba31d9,4081170,7684.0,0.0,n4-highcpu-32,2,8,fc-isolated-ladder-20260828,rclone.09d7029362d0,rclone.09d7029362d0.s1
2026-09-scale-diagnostics,noaa-nws-fourcastnetgfs-pds,rclone,1.74.4,recursive-hierarchical,,diagnostic,timing,diagnostic,UNCALIBRATED,NOT_APPLICABLE,SUCCEEDED,,0,0,4081170,83.473521,,48891.792,74024,50252,noaa-nws-fourcastnetgfs-pds/1b8be9d08d1006a5dc15dd0f190862c3871d664d3a8b68b4f7d2ddd7be8b0ad4,4081171,4082.0,0.0,n4-highcpu-16,6,16,all-tools-no-latency-screen-r2-20260826,rclone.23e84843a0cb,rclone.23e84843a0cb.s1
2026-09-scale-diagnostics,noaa-nws-fourcastnetgfs-pds,rclone,1.74.4,recursive-walk,32,diagnostic,timing,diagnostic,UNCALIBRATED,INSUFFICIENT_EVIDENCE,SUCCEEDED,,0,0,4081170,37.360106,,109238.716,226492,50444,noaa-nws-fourcastnetgfs-pds/current-eba31d9,4081170,7684.0,0.0,n4-highcpu-32,4,8,fc-isolated-ladder-20260828,rclone.3ef5df394b21,rclone.3ef5df394b21.s1
2026-09-scale-diagnostics,noaa-nws-fourcastnetgfs-pds,rclone,1.74.4,recursive-walk,32,diagnostic,timing,diagnostic,UNCALIBRATED,INSUFFICIENT_EVIDENCE,SUCCEEDED,,0,0,4081170,17.726591,,230228.7,248736,50516,noaa-nws-fourcastnetgfs-pds/current-eba31d9,4081170,7684.0,0.0,n4-highcpu-32,8,8,fc-cpu-corrected-20260828,rclone.4dc6bee15451,rclone.4dc6bee15451.s1
2026-09-scale-diagnostics,noaa-nws-fourcastnetgfs-pds,rclone,1.74.4,recursive-walk,32,diagnostic,timing,diagnostic,UNCALIBRATED,INSUFFICIENT_EVIDENCE,SUCCEEDED,,0,0,4081170,18.386879,,221960.997,233212,50308,noaa-nws-fourcastnetgfs-pds/current-eba31d9,4081170,7684.0,0.0,n4-highcpu-32,8,8,fc-rclone-repeat-20260828,rclone.4dc6bee15451,rclone.4dc6bee15451.s2
2026-09-scale-diagnostics,noaa-nws-fourcastnetgfs-pds,rclone,1.74.4,recursive-hierarchical,,diagnostic,timing,diagnostic,UNCALIBRATED,NOT_APPLICABLE,CANCELLED,cancelled by the operator,0,0,4081170,86.602613,,47125.252,74168,50096,noaa-nws-fourcastnetgfs-pds/1b8be9d08d1006a5dc15dd0f190862c3871d664d3a8b68b4f7d2ddd7be8b0ad4,4081171,4082.0,0.0,n4-highcpu-16,6,16,all-tools-no-latency-screen-20260826,rclone.521bd543009b,rclone.521bd543009b.s1
2026-09-scale-diagnostics,noaa-nws-fourcastnetgfs-pds,rclone,1.74.4,recursive-walk,32,diagnostic,timing,diagnostic,UNCALIBRATED,CAPACITY_FAILED,SUCCEEDED,,0,0,4081170,62.707178,,65082.98,220416,50260,noaa-nws-fourcastnetgfs-pds/1b8be9d08d1006a5dc15dd0f190862c3871d664d3a8b68b4f7d2ddd7be8b0ad4,4081171,7684.0,0.0,n4-highcpu-8,2,8,fc-cpu-screen-20260828,rclone.5d985733ca13,rclone.5d985733ca13.s1
2026-09-scale-diagnostics,noaa-nws-fourcastnetgfs-pds,rclone,1.74.4,recursive-hierarchical,,diagnostic,timing,diagnostic,UNCALIBRATED,TIMING_VALID,SUCCEEDED,,0,0,4081170,427.71532,,9541.791,74168,50396,noaa-nws-fourcastnetgfs-pds/1b8be9d08d1006a5dc15dd0f190862c3871d664d3a8b68b4f7d2ddd7be8b0ad4,4081171,4082.0,0.0,n4-highcpu-16,6,16,latency-fixed-replay-20260826,rclone.661d929eb8a8,rclone.661d929eb8a8.s1
2026-09-scale-diagnostics,noaa-nws-fourcastnetgfs-pds,rclone,1.74.4,recursive-walk,8,diagnostic,timing,diagnostic,UNCALIBRATED,CAPACITY_FAILED,SUCCEEDED,,0,0,4081170,55.513769,,73516.356,132312,49984,noaa-nws-fourcastnetgfs-pds/1b8be9d08d1006a5dc15dd0f190862c3871d664d3a8b68b4f7d2ddd7be8b0ad4,4081171,7684.0,0.0,n4-highcpu-16,6,16,latency-fixed-replay-20260826,rclone.81d051d05b22,rclone.81d051d05b22.s1
2026-09-scale-diagnostics,noaa-nws-fourcastnetgfs-pds,rclone,1.74.4,recursive-walk,64,diagnostic,timing,diagnostic,UNCALIBRATED,INSUFFICIENT_EVIDENCE,SUCCEEDED,,0,0,4081170,16.734642,,243875.549,382356,50408,noaa-nws-fourcastnetgfs-pds/current-eba31d9,4081170,7684.0,0.0,n4-highcpu-32,8,8,fc-tuning-followup-20260828,rclone.84fb6e7d9b0a,rclone.84fb6e7d9b0a.s1
2026-09-scale-diagnostics,noaa-nws-fourcastnetgfs-pds,rclone,1.74.4,recursive-walk,64,diagnostic,timing,diagnostic,UNCALIBRATED,INSUFFICIENT_EVIDENCE,SUCCEEDED,,0,0,4081170,17.064249,,239164.935,382656,50296,noaa-nws-fourcastnetgfs-pds/current-eba31d9,4081170,7684.0,0.0,n4-highcpu-32,8,8,fc-rclone-repeat-20260828,rclone.84fb6e7d9b0a,rclone.84fb6e7d9b0a.s2
2026-09-scale-diagnostics,noaa-nws-fourcastnetgfs-pds,rclone,1.74.4,recursive-walk,32,diagnostic,timing,diagnostic,UNCALIBRATED,CAPACITY_FAILED,SUCCEEDED,,0,0,4081170,82.639625,,49385.147,239240,50308,noaa-nws-fourcastnetgfs-pds/1b8be9d08d1006a5dc15dd0f190862c3871d664d3a8b68b4f7d2ddd7be8b0ad4,4081171,7684.0,0.0,n4-highcpu-8,4,8,fc-cpu-screen-20260828,rclone.ab9e4f135173,rclone.ab9e4f135173.s1
2026-09-scale-diagnostics,noaa-nws-fourcastnetgfs-pds,rclone,1.74.4,recursive-walk,32,diagnostic,timing,diagnostic,UNCALIBRATED,INSUFFICIENT_EVIDENCE,SUCCEEDED,,0,0,4081170,32.489546,,125614.867,234184,50380,noaa-nws-fourcastnetgfs-pds/1b8be9d08d1006a5dc15dd0f190862c3871d664d3a8b68b4f7d2ddd7be8b0ad4,4081171,7684.0,0.0,n4-highcpu-16,8,8,fc-cpu-screen-20260828,rclone.c73a1a88edc9,rclone.c73a1a88edc9.s1
2026-09-scale-diagnostics,noaa-nws-fourcastnetgfs-pds,rclone,1.74.4,recursive-walk,32,diagnostic,timing,diagnostic,UNCALIBRATED,INSUFFICIENT_EVIDENCE,SUCCEEDED,,0,0,4081170,22.564482,,180866.993,220696,50508,noaa-nws-fourcastnetgfs-pds/current-eba31d9,4081170,7684.0,0.0,n4-highcpu-32,8,8,fc-isolated-ladder-20260828,rclone.c7d07ef09759,rclone.c7d07ef09759.s1
2026-09-scale-diagnostics,noaa-nws-fourcastnetgfs-pds,rclone,1.74.4,recursive-walk,32,diagnostic,timing,diagnostic,UNCALIBRATED,INSUFFICIENT_EVIDENCE,SUCCEEDED,,0,0,4081170,28.471251,,143343.543,231464,50400,noaa-nws-fourcastnetgfs-pds/current-eba31d9,4081170,7684.0,0.0,n4-highcpu-16,4,8,fc-cpu-corrected-20260828,rclone.d012245cc0b7,rclone.d012245cc0b7.s1
2026-09-scale-diagnostics,noaa-nws-fourcastnetgfs-pds,rclone,1.74.4,recursive-walk,32,diagnostic,timing,diagnostic,UNCALIBRATED,CAPACITY_FAILED,SUCCEEDED,,0,0,4081170,50.072255,,81505.616,217580,50436,noaa-nws-fourcastnetgfs-pds/current-eba31d9,4081170,7684.0,0.0,n4-highcpu-16,2,8,fc-cpu-corrected-20260828,rclone.f5cd2d648bbf,rclone.f5cd2d648bbf.s1
2026-09-scale-diagnostics,noaa-nws-fourcastnetgfs-pds,s3-fast-list,1.1.0,list-hinted,100,diagnostic,timing,diagnostic,UNCALIBRATED,INSUFFICIENT_EVIDENCE,SUCCEEDED,,0,0,4081170,25.056464,,162878.928,857392,54492,noaa-nws-fourcastnetgfs-pds/current-eba31d9,4081170,4288.0,0.0,n4-highcpu-32,8,8,fc-isolated-ladder-20260828,s3-fast-list.1a5079e5b75c,s3-fast-list.1a5079e5b75c.s1
2026-09-scale-diagnostics,noaa-nws-fourcastnetgfs-pds,s3-fast-list,1.1.0,list-hinted,100,diagnostic,timing,diagnostic,UNCALIBRATED,INSUFFICIENT_EVIDENCE,SUCCEEDED,,0,0,4081170,25.049247,,162925.856,853884,54308,noaa-nws-fourcastnetgfs-pds/current-eba31d9,4081170,4288.0,0.0,n4-highcpu-32,8,8,fc-isolated-ladder-20260828,s3-fast-list.1a5079e5b75c,s3-fast-list.1a5079e5b75c.s2
2026-09-scale-diagnostics,noaa-nws-fourcastnetgfs-pds,s3-fast-list,1.1.0,list-hinted,100,diagnostic,timing,diagnostic,UNCALIBRATED,INSUFFICIENT_EVIDENCE,SUCCEEDED,,0,0,4081170,25.045286,,162951.623,856564,54484,noaa-nws-fourcastnetgfs-pds/current-eba31d9,4081170,4288.0,0.0,n4-highcpu-32,8,8,fc-isolated-ladder-20260828,s3-fast-list.1a5079e5b75c,s3-fast-list.1a5079e5b75c.s3
2026-09-scale-diagnostics,noaa-nws-fourcastnetgfs-pds,s3-fast-list,1.1.0,list-hinted,100,diagnostic,timing,diagnostic,UNCALIBRATED,NOT_APPLICABLE,SUCCEEDED,,0,0,4081170,20.171363,,202324.949,813636,54268,noaa-nws-fourcastnetgfs-pds/1b8be9d08d1006a5dc15dd0f190862c3871d664d3a8b68b4f7d2ddd7be8b0ad4,4081171,4088.0,0.0,n4-highcpu-16,6,16,s3fl-hinted-fixed-replay-r2-20260826,s3-fast-list.2719ba5494e8,s3-fast-list.2719ba5494e8.s1
2026-09-scale-diagnostics,noaa-nws-fourcastnetgfs-pds,s3-fast-list,1.1.0,list-hinted,100,diagnostic,timing,diagnostic,UNCALIBRATED,INSUFFICIENT_EVIDENCE,SUCCEEDED,,0,0,4081170,40.045249,,101913.962,813176,54184,noaa-nws-fourcastnetgfs-pds/1b8be9d08d1006a5dc15dd0f190862c3871d664d3a8b68b4f7d2ddd7be8b0ad4,4081171,4088.0,0.0,n4-highcpu-16,6,16,latency-fixed-replay-20260826,s3-fast-list.33d1846dc53e,s3-fast-list.33d1846dc53e.s1
2026-09-scale-diagnostics,noaa-nws-fourcastnetgfs-pds,s3-fast-list,1.1.0,list,,preparation,timing,preparation,UNCALIBRATED,TIMING_VALID,SUCCEEDED,,0,0,,405.135561,,,810128,50308,noaa-nws-fourcastnetgfs-pds/1b8be9d08d1006a5dc15dd0f190862c3871d664d3a8b68b4f7d2ddd7be8b0ad4,4081171,4082.0,0.0,n4-highcpu-8,2,8,fc-cpu-screen-20260828,s3-fast-list.40928042aea1,s3-fast-list.40928042aea1.s1
2026-09-scale-diagnostics,noaa-nws-fourcastnetgfs-pds,s3-fast-list,1.1.0,list-hinted,100,diagnostic,timing,diagnostic,UNCALIBRATED,INSUFFICIENT_EVIDENCE,SUCCEEDED,,0,0,4081170,25.044599,,162956.093,864796,54360,noaa-nws-fourcastnetgfs-pds/1b8be9d08d1006a5dc15dd0f190862c3871d664d3a8b68b4f7d2ddd7be8b0ad4,4081171,4288.0,0.0,n4-highcpu-16,8,8,fc-cpu-screen-20260828,s3-fast-list.4e2346ad8dda,s3-fast-list.4e2346ad8dda.s1
2026-09-scale-diagnostics,noaa-nws-fourcastnetgfs-pds,s3-fast-list,1.1.0,list,,preparation,timing,preparation,UNCALIBRATED,TIMING_VALID,SUCCEEDED,,0,0,,390.128107,,,803192,50196,noaa-nws-fourcastnetgfs-pds/1b8be9d08d1006a5dc15dd0f190862c3871d664d3a8b68b4f7d2ddd7be8b0ad4,4081171,4082.0,0.0,n4-highcpu-16,6,16,latency-fixed-replay-20260826,s3-fast-list.4ee95e298c41,s3-fast-list.4ee95e298c41.s1
2026-09-scale-diagnostics,noaa-nws-fourcastnetgfs-pds,s3-fast-list,1.1.0,list,,preparation,timing,preparation,UNCALIBRATED,TIMING_VALID,SUCCEEDED,,0,0,,400.158755,,,794748,50408,noaa-nws-fourcastnetgfs-pds/current-eba31d9,4081170,4082.0,0.0,n4-highcpu-16,2,8,fc-cpu-corrected-20260828,s3-fast-list.5567baa33763,s3-fast-list.5567baa33763.s1
2026-09-scale-diagnostics,noaa-nws-fourcastnetgfs-pds,s3-fast-list,,list-hinted,100,diagnostic,timing,diagnostic,UNCALIBRATED,,FAILED,,,,,,,,,,noaa-nws-fourcastnetgfs-pds/1b8be9d08d1006a5dc15dd0f190862c3871d664d3a8b68b4f7d2ddd7be8b0ad4,4081171,,,n4-highcpu-16,6,16,s3fl-hinted-nolat-r3-20260826,s3-fast-list.57dddc2de524,s3-fast-list.57dddc2de524.s1
2026-09-scale-diagnostics,noaa-nws-fourcastnetgfs-pds,s3-fast-list,1.1.0,list-hinted,100,diagnostic,timing,diagnostic,UNCALIBRATED,NOT_APPLICABLE,SUCCEEDED,,0,0,2000,5.02267,,398.195,53900,54192,noaa-nws-fourcastnetgfs-pds/1b8be9d08d1006a5dc15dd0f190862c3871d664d3a8b68b4f7d2ddd7be8b0ad4,4081171,19.0,0.0,n4-highcpu-16,6,16,s3fl-hinted-nolat-r3-20260826,s3-fast-list.57dddc2de524,s3-fast-list.57dddc2de524.s2
2026-09-scale-diagnostics,noaa-nws-fourcastnetgfs-pds,s3-fast-list,,list,,preparation,timing,preparation,UNCALIBRATED,,FAILED,,,,,,,,,,noaa-nws-fourcastnetgfs-pds/1b8be9d08d1006a5dc15dd0f190862c3871d664d3a8b68b4f7d2ddd7be8b0ad4,4081171,,,n4-highcpu-16,6,16,s3fl-hinted-fixed-replay-20260826,s3-fast-list.68d757575cc2,s3-fast-list.68d757575cc2.s1
2026-09-scale-diagnostics,noaa-nws-fourcastnetgfs-pds,s3-fast-list,1.1.0,list,,preparation,timing,preparation,UNCALIBRATED,NOT_APPLICABLE,SUCCEEDED,,0,0,,55.04312,,,779900,50056,noaa-nws-fourcastnetgfs-pds/1b8be9d08d1006a5dc15dd0f190862c3871d664d3a8b68b4f7d2ddd7be8b0ad4,4081171,4082.0,0.0,n4-highcpu-16,6,16,s3fl-hinted-fixed-replay-r2-20260826,s3-fast-list.68d757575cc2,s3-fast-list.68d757575cc2.s2
2026-09-scale-diagnostics,noaa-nws-fourcastnetgfs-pds,s3-fast-list,1.1.0,list,,preparation,timing,preparation,UNCALIBRATED,NOT_APPLICABLE,SUCCEEDED,,0,0,,50.046026,,,811204,50164,noaa-nws-fourcastnetgfs-pds/1b8be9d08d1006a5dc15dd0f190862c3871d664d3a8b68b4f7d2ddd7be8b0ad4,4081171,4082.0,0.0,n4-highcpu-16,6,16,s3fl-hinted-nolat-r3-20260826,s3-fast-list.7808423bf52d,s3-fast-list.7808423bf52d.s1
2026-09-scale-diagnostics,noaa-nws-fourcastnetgfs-pds,s3-fast-list,1.1.0,list-hinted,100,diagnostic,timing,diagnostic,UNCALIBRATED,INSUFFICIENT_EVIDENCE,SUCCEEDED,,0,0,4081170,40.05255,,101895.385,847272,54428,noaa-nws-fourcastnetgfs-pds/1b8be9d08d1006a5dc15dd0f190862c3871d664d3a8b68b4f7d2ddd7be8b0ad4,4081171,4294.0,0.0,n4-highcpu-8,4,8,fc-cpu-screen-20260828,s3-fast-list.7bd298bfb865,s3-fast-list.7bd298bfb865.s1
2026-09-scale-diagnostics,noaa-nws-fourcastnetgfs-pds,s3-fast-list,1.1.0,list,,preparation,timing,preparation,UNCALIBRATED,TIMING_VALID,SUCCEEDED,,0,0,,425.141979,,,791952,50448,noaa-nws-fourcastnetgfs-pds/current-eba31d9,4081170,4082.0,0.0,n4-highcpu-32,2,8,fc-isolated-ladder-20260828,s3-fast-list.853ecf018b73,s3-fast-list.853ecf018b73.s1
2026-09-scale-diagnostics,noaa-nws-fourcastnetgfs-pds,s3-fast-list,1.1.0,list-hinted,100,diagnostic,timing,diagnostic,UNCALIBRATED,INSUFFICIENT_EVIDENCE,SUCCEEDED,,0,0,4081170,20.04402,,203610.354,847160,54160,noaa-nws-fourcastnetgfs-pds/current-eba31d9,4081170,4288.0,0.0,n4-highcpu-32,8,8,fc-cpu-corrected-20260828,s3-fast-list.8bd55064004a,s3-fast-list.8bd55064004a.s1
2026-09-scale-diagnostics,noaa-nws-fourcastnetgfs-pds,s3-fast-list,1.1.0,list,,diagnostic,timing,diagnostic,UNCALIBRATED,NOT_APPLICABLE,SUCCEEDED,,0,0,4081170,50.213949,,81275.623,789680,50180,noaa-nws-fourcastnetgfs-pds/1b8be9d08d1006a5dc15dd0f190862c3871d664d3a8b68b4f7d2ddd7be8b0ad4,4081171,4082.0,0.0,n4-highcpu-16,6,16,all-tools-no-latency-screen-r2-20260826,s3-fast-list.9958aad27c46,s3-fast-list.9958aad27c46.s1
2026-09-scale-diagnostics,noaa-nws-fourcastnetgfs-pds,s3-fast-list,1.1.0,list,,diagnostic,timing,diagnostic,UNCALIBRATED,NOT_APPLICABLE,SUCCEEDED,,0,0,4081170,50.042293,,81554.416,808440,50108,noaa-nws-fourcastnetgfs-pds/1b8be9d08d1006a5dc15dd0f190862c3871d664d3a8b68b4f7d2ddd7be8b0ad4,4081171,4082.0,0.0,n4-highcpu-16,6,16,s3fl-hinted-nolat-r2-20260826,s3-fast-list.9958aad27c46,s3-fast-list.9958aad27c46.s2
2026-09-scale-diagnostics,noaa-nws-fourcastnetgfs-pds,s3-fast-list,1.1.0,list-hinted,100,diagnostic,timing,diagnostic,UNCALIBRATED,INSUFFICIENT_EVIDENCE,SUCCEEDED,,0,0,4081170,30.055513,,135787.734,851324,54448,noaa-nws-fourcastnetgfs-pds/current-eba31d9,4081170,4288.0,0.0,n4-highcpu-16,4,8,fc-cpu-corrected-20260828,s3-fast-list.9e2618186217,s3-fast-list.9e2618186217.s1
2026-09-scale-diagnostics,noaa-nws-fourcastnetgfs-pds,s3-fast-list,1.1.0,list-hinted,100,diagnostic,timing,diagnostic,UNCALIBRATED,INSUFFICIENT_EVIDENCE,SUCCEEDED,,0,0,4081170,35.357502,,115425.858,879692,54320,noaa-nws-fourcastnetgfs-pds/current-eba31d9,4081170,4288.0,0.0,n4-highcpu-16,2,8,fc-cpu-corrected-20260828,s3-fast-list.c6b388d21a52,s3-fast-list.c6b388d21a52.s1
2026-09-scale-diagnostics,noaa-nws-fourcastnetgfs-pds,s3-fast-list,1.1.0,list-hinted,100,diagnostic,timing,diagnostic,UNCALIBRATED,INSUFFICIENT_EVIDENCE,SUCCEEDED,,0,0,4081170,30.216196,,135065.645,854988,54744,noaa-nws-fourcastnetgfs-pds/current-eba31d9,4081170,4288.0,0.0,n4-highcpu-32,4,8,fc-isolated-ladder-20260828,s3-fast-list.cfe395b65bde,s3-fast-list.cfe395b65bde.s1
2026-09-scale-diagnostics,noaa-nws-fourcastnetgfs-pds,s3-fast-list,1.1.0,list-hinted,100,diagnostic,timing,diagnostic,UNCALIBRATED,INSUFFICIENT_EVIDENCE,SUCCEEDED,,0,0,4081170,30.144116,,135388.611,858592,54500,noaa-nws-fourcastnetgfs-pds/current-eba31d9,4081170,4288.0,0.0,n4-highcpu-32,4,8,fc-isolated-ladder-20260828,s3-fast-list.cfe395b65bde,s3-fast-list.cfe395b65bde.s2
2026-09-scale-diagnostics,noaa-nws-fourcastnetgfs-pds,s3-fast-list,1.1.0,list-hinted,100,diagnostic,timing,diagnostic,UNCALIBRATED,INSUFFICIENT_EVIDENCE,SUCCEEDED,,0,0,4081170,25.070684,,162786.544,842932,54540,noaa-nws-fourcastnetgfs-pds/current-eba31d9,4081170,4288.0,0.0,n4-highcpu-32,4,8,fc-isolated-ladder-20260828,s3-fast-list.cfe395b65bde,s3-fast-list.cfe395b65bde.s3
2026-09-scale-diagnostics,noaa-nws-fourcastnetgfs-pds,s3-fast-list,1.1.0,list-hinted,100,diagnostic,timing,diagnostic,UNCALIBRATED,INSUFFICIENT_EVIDENCE,SUCCEEDED,,0,0,4081170,35.307374,,115589.735,853252,54520,noaa-nws-fourcastnetgfs-pds/1b8be9d08d1006a5dc15dd0f190862c3871d664d3a8b68b4f7d2ddd7be8b0ad4,4081171,4288.0,0.0,n4-highcpu-8,2,8,fc-cpu-screen-20260828,s3-fast-list.d5441895cb62,s3-fast-list.d5441895cb62.s1
2026-09-scale-diagnostics,noaa-nws-fourcastnetgfs-pds,s3-fast-list,1.1.0,list,,diagnostic,timing,diagnostic,UNCALIBRATED,NOT_APPLICABLE,SUCCEEDED,,0,0,4081170,55.04975,,74136.031,809024,50064,noaa-nws-fourcastnetgfs-pds/1b8be9d08d1006a5dc15dd0f190862c3871d664d3a8b68b4f7d2ddd7be8b0ad4,4081171,4082.0,0.0,n4-highcpu-16,6,16,all-tools-no-latency-screen-20260826,s3-fast-list.e1adc485397d,s3-fast-list.e1adc485397d.s1
2026-09-scale-diagnostics,noaa-nws-fourcastnetgfs-pds,s3-fast-list,1.1.0,list-hinted,100,diagnostic,timing,diagnostic,UNCALIBRATED,INSUFFICIENT_EVIDENCE,SUCCEEDED,,0,0,4081170,25.040731,,162981.264,857388,54496,noaa-nws-fourcastnetgfs-pds/current-eba31d9,4081170,4288.0,0.0,n4-highcpu-32,8,8,fc-isolated-ladder-20260828,s3-fast-list.e2f43d5e1144,s3-fast-list.e2f43d5e1144.s1
2026-09-scale-diagnostics,noaa-nws-fourcastnetgfs-pds,s3-fast-list,1.1.0,list-hinted,100,diagnostic,timing,diagnostic,UNCALIBRATED,INSUFFICIENT_EVIDENCE,SUCCEEDED,,0,0,4081170,30.054943,,135790.309,874552,54524,noaa-nws-fourcastnetgfs-pds/current-eba31d9,4081170,4288.0,0.0,n4-highcpu-32,8,8,fc-isolated-ladder-20260828,s3-fast-list.e2f43d5e1144,s3-fast-list.e2f43d5e1144.s2
2026-09-scale-diagnostics,noaa-nws-fourcastnetgfs-pds,s3-fast-list,1.1.0,list-hinted,100,diagnostic,timing,diagnostic,UNCALIBRATED,INSUFFICIENT_EVIDENCE,SUCCEEDED,,0,0,4081170,20.041221,,203638.79,854164,54320,noaa-nws-fourcastnetgfs-pds/current-eba31d9,4081170,4288.0,0.0,n4-highcpu-32,8,8,fc-isolated-ladder-20260828,s3-fast-list.e2f43d5e1144,s3-fast-list.e2f43d5e1144.s3
2026-09-scale-diagnostics,noaa-nws-fourcastnetgfs-pds,s3-fast-list,1.1.0,list-hinted,100,diagnostic,timing,diagnostic,UNCALIBRATED,INSUFFICIENT_EVIDENCE,SUCCEEDED,,0,0,4081170,35.205378,,115924.618,884416,54356,noaa-nws-fourcastnetgfs-pds/current-eba31d9,4081170,4288.0,0.0,n4-highcpu-32,2,8,fc-isolated-ladder-20260828,s3-fast-list.e8e69c8010cd,s3-fast-list.e8e69c8010cd.s1
2026-09-scale-diagnostics,noaa-nws-fourcastnetgfs-pds,s3-fast-list,1.1.0,list-hinted,100,diagnostic,timing,diagnostic,UNCALIBRATED,INSUFFICIENT_EVIDENCE,SUCCEEDED,,0,0,4081170,35.232795,,115834.409,884112,54364,noaa-nws-fourcastnetgfs-pds/current-eba31d9,4081170,4288.0,0.0,n4-highcpu-32,2,8,fc-isolated-ladder-20260828,s3-fast-list.e8e69c8010cd,s3-fast-list.e8e69c8010cd.s2
2026-09-scale-diagnostics,noaa-nws-fourcastnetgfs-pds,s3-fast-list,1.1.0,list-hinted,100,diagnostic,timing,diagnostic,UNCALIBRATED,INSUFFICIENT_EVIDENCE,SUCCEEDED,,0,0,4081170,40.629114,,100449.397,848372,54432,noaa-nws-fourcastnetgfs-pds/current-eba31d9,4081170,4288.0,0.0,n4-highcpu-32,2,8,fc-isolated-ladder-20260828,s3-fast-list.e8e69c8010cd,s3-fast-list.e8e69c8010cd.s3
2026-09-scale-diagnostics,noaa-nws-fourcastnetgfs-pds,s3kor,v0.0.37,list,,diagnostic,timing,diagnostic,UNCALIBRATED,NOT_APPLICABLE,SUCCEEDED,,0,0,4081171,82.090971,,49715.224,49916,50080,noaa-nws-fourcastnetgfs-pds/1b8be9d08d1006a5dc15dd0f190862c3871d664d3a8b68b4f7d2ddd7be8b0ad4,4081171,4082.0,0.0,n4-highcpu-16,6,16,all-tools-no-latency-screen-r2-20260826,s3kor.1be1416ee699,s3kor.1be1416ee699.s1
2026-09-scale-diagnostics,noaa-nws-fourcastnetgfs-pds,s3kor,v0.0.37,list,,diagnostic,timing,diagnostic,UNCALIBRATED,TIMING_VALID,SUCCEEDED,,0,0,4081170,420.540112,,9704.592,50192,50296,noaa-nws-fourcastnetgfs-pds/current-eba31d9,4081170,4082.0,0.0,n4-highcpu-16,4,8,fc-cpu-corrected-20260828,s3kor.2c9d80f43259,s3kor.2c9d80f43259.s1
2026-09-scale-diagnostics,noaa-nws-fourcastnetgfs-pds,s3kor,v0.0.37,list,,diagnostic,timing,diagnostic,UNCALIBRATED,TIMING_VALID,SUCCEEDED,,0,0,4081170,418.677463,,9747.766,50200,50300,noaa-nws-fourcastnetgfs-pds/1b8be9d08d1006a5dc15dd0f190862c3871d664d3a8b68b4f7d2ddd7be8b0ad4,4081171,4082.0,0.0,n4-highcpu-8,4,8,fc-cpu-screen-20260828,s3kor.4445d6339119,s3kor.4445d6339119.s1
2026-09-scale-diagnostics,noaa-nws-fourcastnetgfs-pds,s3kor,v0.0.37,list,,diagnostic,timing,diagnostic,UNCALIBRATED,TIMING_VALID,SUCCEEDED,,0,0,4081170,408.748665,,9984.546,50444,50508,noaa-nws-fourcastnetgfs-pds/current-eba31d9,4081170,4082.0,0.0,n4-highcpu-16,2,8,fc-cpu-corrected-20260828,s3kor.52b068c35414,s3kor.52b068c35414.s1
2026-09-scale-diagnostics,noaa-nws-fourcastnetgfs-pds,s3kor,v0.0.37,list,,diagnostic,timing,diagnostic,UNCALIBRATED,TIMING_VALID,SUCCEEDED,,0,0,4081170,410.960476,,9930.809,50176,50432,noaa-nws-fourcastnetgfs-pds/current-eba31d9,4081170,4082.0,0.0,n4-highcpu-32,8,8,fc-cpu-corrected-20260828,s3kor.8514c3397199,s3kor.8514c3397199.s1
2026-09-scale-diagnostics,noaa-nws-fourcastnetgfs-pds,s3kor,v0.0.37,list,,diagnostic,timing,diagnostic,UNCALIBRATED,TIMING_VALID,SUCCEEDED,,0,0,4081170,423.878543,,9628.159,50448,50496,noaa-nws-fourcastnetgfs-pds/1b8be9d08d1006a5dc15dd0f190862c3871d664d3a8b68b4f7d2ddd7be8b0ad4,4081171,4082.0,0.0,n4-highcpu-8,2,8,fc-cpu-screen-20260828,s3kor.adc333cd1d72,s3kor.adc333cd1d72.s1
2026-09-scale-diagnostics,noaa-nws-fourcastnetgfs-pds,s3kor,v0.0.37,list,,diagnostic,timing,diagnostic,UNCALIBRATED,TIMING_VALID,SUCCEEDED,,0,0,4081171,420.243652,,9711.44,49916,50052,noaa-nws-fourcastnetgfs-pds/1b8be9d08d1006a5dc15dd0f190862c3871d664d3a8b68b4f7d2ddd7be8b0ad4,4081171,4082.0,0.0,n4-highcpu-16,6,16,latency-fixed-replay-20260826,s3kor.af79851d7e73,s3kor.af79851d7e73.s1
2026-09-scale-diagnostics,noaa-nws-fourcastnetgfs-pds,s3kor,v0.0.37,list,,diagnostic,timing,diagnostic,UNCALIBRATED,NOT_APPLICABLE,SUCCEEDED,,0,0,4081171,82.333936,,49568.516,50028,50208,noaa-nws-fourcastnetgfs-pds/1b8be9d08d1006a5dc15dd0f190862c3871d664d3a8b68b4f7d2ddd7be8b0ad4,4081171,4082.0,0.0,n4-highcpu-16,6,16,all-tools-no-latency-screen-20260826,s3kor.e407eff7519f,s3kor.e407eff7519f.s1
2026-09-scale-diagnostics,noaa-nws-fourcastnetgfs-pds,s3kor,v0.0.37,list,,diagnostic,timing,diagnostic,UNCALIBRATED,TIMING_VALID,SUCCEEDED,,0,0,4081170,419.253364,,9734.376,50072,50248,noaa-nws-fourcastnetgfs-pds/1b8be9d08d1006a5dc15dd0f190862c3871d664d3a8b68b4f7d2ddd7be8b0ad4,4081171,4082.0,0.0,n4-highcpu-16,8,8,fc-cpu-screen-20260828,s3kor.ea6833e41984,s3kor.ea6833e41984.s1
2026-09-scale-diagnostics,noaa-nws-fourcastnetgfs-pds,s3p,3.7.2,ls,16,diagnostic,timing,diagnostic,UNCALIBRATED,TIMING_VALID,SUCCEEDED,,0,0,4081170,108.927432,,37466.871,201808,50296,noaa-nws-fourcastnetgfs-pds/current-eba31d9,4081170,6708.0,0.0,n4-highcpu-32,8,8,fc-tuning-followup-20260828,s3p.1469dda0712a,s3p.1469dda0712a.s1
2026-09-scale-diagnostics,noaa-nws-fourcastnetgfs-pds,s3p,3.7.2,ls,100,diagnostic,timing,diagnostic,UNCALIBRATED,CAPACITY_FAILED,SUCCEEDED,,0,0,4081170,118.933267,,34314.789,263664,50388,noaa-nws-fourcastnetgfs-pds/1b8be9d08d1006a5dc15dd0f190862c3871d664d3a8b68b4f7d2ddd7be8b0ad4,4081171,6708.0,0.0,n4-highcpu-8,4,8,fc-cpu-screen-20260828,s3p.1a19a819c920,s3p.1a19a819c920.s1
2026-09-scale-diagnostics,noaa-nws-fourcastnetgfs-pds,s3p,3.7.2,ls,100,diagnostic,timing,diagnostic,UNCALIBRATED,PRESSURE_DEGRADED,SUCCEEDED,,0,0,4081170,112.650084,,36228.735,268324,50324,noaa-nws-fourcastnetgfs-pds/current-eba31d9,4081170,6708.0,0.0,n4-highcpu-16,2,8,fc-cpu-corrected-20260828,s3p.1f3d9ed5a9da,s3p.1f3d9ed5a9da.s1
2026-09-scale-diagnostics,noaa-nws-fourcastnetgfs-pds,s3p,3.7.2,ls,100,diagnostic,timing,diagnostic,UNCALIBRATED,PRESSURE_DEGRADED,SUCCEEDED,,0,0,4081170,98.04684,,41624.697,264984,50544,noaa-nws-fourcastnetgfs-pds/current-eba31d9,4081170,6708.0,0.0,n4-highcpu-16,4,8,fc-cpu-corrected-20260828,s3p.3040788ee756,s3p.3040788ee756.s1
2026-09-scale-diagnostics,noaa-nws-fourcastnetgfs-pds,s3p,3.7.2,ls,16,diagnostic,timing,diagnostic,UNCALIBRATED,TIMING_VALID,SUCCEEDED,,0,0,4081170,111.227925,,36691.955,215400,50304,noaa-nws-fourcastnetgfs-pds/current-eba31d9,4081170,6708.0,0.0,n4-highcpu-16,4,8,fc-tuning-followup-20260828,s3p.5d0310395623,s3p.5d0310395623.s1
2026-09-scale-diagnostics,noaa-nws-fourcastnetgfs-pds,s3p,3.7.2,ls,16,diagnostic,timing,diagnostic,UNCALIBRATED,TIMING_VALID,SUCCEEDED,,0,0,4081170,99.417613,,41050.774,192076,50404,noaa-nws-fourcastnetgfs-pds/current-eba31d9,4081170,6708.0,0.0,n4-highcpu-16,2,8,fc-tuning-followup-20260828,s3p.5fcfbc728411,s3p.5fcfbc728411.s1
2026-09-scale-diagnostics,noaa-nws-fourcastnetgfs-pds,s3p,3.7.2,ls,100,diagnostic,timing,diagnostic,UNCALIBRATED,PRESSURE_DEGRADED,SUCCEEDED,,0,0,4081170,116.662159,,34982.809,271128,50504,noaa-nws-fourcastnetgfs-pds/1b8be9d08d1006a5dc15dd0f190862c3871d664d3a8b68b4f7d2ddd7be8b0ad4,4081171,6708.0,0.0,n4-highcpu-16,8,8,fc-cpu-screen-20260828,s3p.914dcf8e3bb1,s3p.914dcf8e3bb1.s1
2026-09-scale-diagnostics,noaa-nws-fourcastnetgfs-pds,s3p,3.7.2,ls,100,diagnostic,timing,diagnostic,UNCALIBRATED,NOT_APPLICABLE,SUCCEEDED,,0,0,4081170,111.922132,,36464.37,269156,50308,noaa-nws-fourcastnetgfs-pds/1b8be9d08d1006a5dc15dd0f190862c3871d664d3a8b68b4f7d2ddd7be8b0ad4,4081171,6708.0,0.0,n4-highcpu-16,6,16,all-tools-no-latency-screen-r2-20260826,s3p.95c440357286,s3p.95c440357286.s1
2026-09-scale-diagnostics,noaa-nws-fourcastnetgfs-pds,s3p,3.7.2,ls,100,diagnostic,timing,diagnostic,UNCALIBRATED,PRESSURE_DEGRADED,SUCCEEDED,,0,0,4081170,117.76309,,34655.765,284000,50388,noaa-nws-fourcastnetgfs-pds/1b8be9d08d1006a5dc15dd0f190862c3871d664d3a8b68b4f7d2ddd7be8b0ad4,4081171,6708.0,0.0,n4-highcpu-16,6,16,latency-fixed-replay-20260826,s3p.a7f85456af79,s3p.a7f85456af79.s1
2026-09-scale-diagnostics,noaa-nws-fourcastnetgfs-pds,s3p,3.7.2,ls,100,diagnostic,timing,diagnostic,UNCALIBRATED,PRESSURE_DEGRADED,SUCCEEDED,,0,0,4081170,104.428217,,39081.104,276776,50448,noaa-nws-fourcastnetgfs-pds/current-eba31d9,4081170,6708.0,0.0,n4-highcpu-32,8,8,fc-cpu-corrected-20260828,s3p.bce7ef300683,s3p.bce7ef300683.s1
2026-09-scale-diagnostics,noaa-nws-fourcastnetgfs-pds,s3p,3.7.2,ls,100,diagnostic,timing,diagnostic,UNCALIBRATED,NOT_APPLICABLE,CANCELLED,cancelled by the operator,0,0,4081170,127.488327,,32012.107,270216,50324,noaa-nws-fourcastnetgfs-pds/1b8be9d08d1006a5dc15dd0f190862c3871d664d3a8b68b4f7d2ddd7be8b0ad4,4081171,6708.0,0.0,n4-highcpu-16,6,16,all-tools-no-latency-screen-20260826,s3p.cee208737dd2,s3p.cee208737dd2.s1
2026-09-scale-diagnostics,noaa-nws-fourcastnetgfs-pds,s3p,3.7.2,ls,100,diagnostic,timing,diagnostic,UNCALIBRATED,PRESSURE_DEGRADED,SUCCEEDED,,0,0,4081170,123.739443,,32981.965,264636,50676,noaa-nws-fourcastnetgfs-pds/1b8be9d08d1006a5dc15dd0f190862c3871d664d3a8b68b4f7d2ddd7be8b0ad4,4081171,6708.0,0.0,n4-highcpu-8,2,8,fc-cpu-screen-20260828,s3p.dd7387da25d3,s3p.dd7387da25d3.s1
2026-09-scale-diagnostics,noaa-nws-fourcastnetgfs-pds,s5cmd,v2.3.0,recursive-with-dirs,,diagnostic,timing,diagnostic,UNCALIBRATED,TIMING_VALID,SUCCEEDED,,0,0,4081170,426.964211,,9558.576,50456,50596,noaa-nws-fourcastnetgfs-pds/current-eba31d9,4081170,4082.0,0.0,n4-highcpu-16,4,8,fc-cpu-corrected-20260828,s5cmd.00cce588427b,s5cmd.00cce588427b.s1
2026-09-scale-diagnostics,noaa-nws-fourcastnetgfs-pds,s5cmd,v2.3.0,fanout-with-dirs,3,diagnostic,timing,diagnostic,UNCALIBRATED,TIMING_VALID,SUCCEEDED,,0,0,4081170,396.294463,,10298.327,55916,50664,noaa-nws-fourcastnetgfs-pds/current-eba31d9,4081170,4084.0,0.0,n4-highcpu-32,8,8,fc-isolated-ladder-20260828,s5cmd.1b41fa26ce23,s5cmd.1b41fa26ce23.s1
2026-09-scale-diagnostics,noaa-nws-fourcastnetgfs-pds,s5cmd,v2.3.0,recursive-with-dirs,,diagnostic,timing,diagnostic,UNCALIBRATED,TIMING_VALID,SUCCEEDED,,0,0,4081170,434.2946,,9397.239,50200,50380,noaa-nws-fourcastnetgfs-pds/1b8be9d08d1006a5dc15dd0f190862c3871d664d3a8b68b4f7d2ddd7be8b0ad4,4081171,4082.0,0.0,n4-highcpu-16,8,8,fc-cpu-screen-20260828,s5cmd.7e60ad6c8f01,s5cmd.7e60ad6c8f01.s1
2026-09-scale-diagnostics,noaa-nws-fourcastnetgfs-pds,s5cmd,v2.3.0,recursive,,diagnostic,timing,diagnostic,UNCALIBRATED,NOT_APPLICABLE,SUCCEEDED,,0,0,4081170,98.519904,,41424.827,50300,50344,noaa-nws-fourcastnetgfs-pds/1b8be9d08d1006a5dc15dd0f190862c3871d664d3a8b68b4f7d2ddd7be8b0ad4,4081171,4082.0,0.0,n4-highcpu-16,6,16,all-tools-no-latency-screen-r2-20260826,s5cmd.8b60b51a4367,s5cmd.8b60b51a4367.s1
2026-09-scale-diagnostics,noaa-nws-fourcastnetgfs-pds,s5cmd,v2.3.0,recursive,,diagnostic,timing,diagnostic,UNCALIBRATED,TIMING_VALID,SUCCEEDED,,0,0,4081170,436.280311,,9354.468,49792,49932,noaa-nws-fourcastnetgfs-pds/1b8be9d08d1006a5dc15dd0f190862c3871d664d3a8b68b4f7d2ddd7be8b0ad4,4081171,4082.0,0.0,n4-highcpu-16,6,16,latency-fixed-replay-20260826,s5cmd.9305315fcfd5,s5cmd.9305315fcfd5.s1
2026-09-scale-diagnostics,noaa-nws-fourcastnetgfs-pds,s5cmd,v2.3.0,recursive-with-dirs,,diagnostic,timing,diagnostic,UNCALIBRATED,TIMING_VALID,SUCCEEDED,,0,0,4081170,437.22724,,9334.208,50176,50504,noaa-nws-fourcastnetgfs-pds/current-eba31d9,4081170,4082.0,0.0,n4-highcpu-32,8,8,fc-cpu-corrected-20260828,s5cmd.9541d7894859,s5cmd.9541d7894859.s1
2026-09-scale-diagnostics,noaa-nws-fourcastnetgfs-pds,s5cmd,v2.3.0,recursive-with-dirs,,diagnostic,timing,diagnostic,UNCALIBRATED,TIMING_VALID,SUCCEEDED,,0,0,4081170,428.43799,,9525.696,50072,50280,noaa-nws-fourcastnetgfs-pds/current-eba31d9,4081170,4082.0,0.0,n4-highcpu-16,2,8,fc-cpu-corrected-20260828,s5cmd.a89f2d9ec7bd,s5cmd.a89f2d9ec7bd.s1
2026-09-scale-diagnostics,noaa-nws-fourcastnetgfs-pds,s5cmd,,recursive,,diagnostic,timing,diagnostic,UNCALIBRATED,,CANCELLED,cancelled by the operator,,,,,,,,,noaa-nws-fourcastnetgfs-pds/1b8be9d08d1006a5dc15dd0f190862c3871d664d3a8b68b4f7d2ddd7be8b0ad4,4081171,,,n4-highcpu-16,6,16,all-tools-no-latency-screen-20260826,s5cmd.ce66ec57b593,s5cmd.ce66ec57b593.s1
2026-09-scale-diagnostics,noaa-nws-fourcastnetgfs-pds,s5cmd,v2.3.0,recursive-with-dirs,,diagnostic,timing,diagnostic,UNCALIBRATED,TIMING_VALID,SUCCEEDED,,0,0,4081170,438.12386,,9315.106,50192,50360,noaa-nws-fourcastnetgfs-pds/1b8be9d08d1006a5dc15dd0f190862c3871d664d3a8b68b4f7d2ddd7be8b0ad4,4081171,4082.0,0.0,n4-highcpu-8,4,8,fc-cpu-screen-20260828,s5cmd.e18280d616f7,s5cmd.e18280d616f7.s1
2026-09-scale-diagnostics,noaa-nws-fourcastnetgfs-pds,s5cmd,v2.3.0,recursive-with-dirs,,diagnostic,timing,diagnostic,UNCALIBRATED,TIMING_VALID,SUCCEEDED,,0,0,4081170,440.137343,,9272.492,50192,50344,noaa-nws-fourcastnetgfs-pds/1b8be9d08d1006a5dc15dd0f190862c3871d664d3a8b68b4f7d2ddd7be8b0ad4,4081171,4082.0,0.0,n4-highcpu-8,2,8,fc-cpu-screen-20260828,s5cmd.e447a4041043,s5cmd.e447a4041043.s1
2026-09-scale-diagnostics,noaa-nws-fourcastnetgfs-pds,s7cmd,1.5.0,recursive-tsv-nosort,64,diagnostic,timing,diagnostic,UNCALIBRATED,CAPACITY_FAILED,SUCCEEDED,,0,0,4081170,247.59589,,16483.19,50308,50540,noaa-nws-fourcastnetgfs-pds/1b8be9d08d1006a5dc15dd0f190862c3871d664d3a8b68b4f7d2ddd7be8b0ad4,4081171,7163.0,0.0,n4-highcpu-16,6,16,latency-fixed-replay-20260826,s7cmd.103791f8444b,s7cmd.103791f8444b.s1
2026-09-scale-diagnostics,noaa-nws-fourcastnetgfs-pds,s7cmd,1.5.0,recursive-one-nosort,64,diagnostic,timing,diagnostic,UNCALIBRATED,CAPACITY_FAILED,SUCCEEDED,,0,0,4081170,240.992032,,16934.875,50592,50688,noaa-nws-fourcastnetgfs-pds/1b8be9d08d1006a5dc15dd0f190862c3871d664d3a8b68b4f7d2ddd7be8b0ad4,4081171,7163.0,0.0,n4-highcpu-16,8,8,fc-cpu-screen-20260828,s7cmd.1607a3ed9076,s7cmd.1607a3ed9076.s1
2026-09-scale-diagnostics,noaa-nws-fourcastnetgfs-pds,s7cmd,1.5.0,recursive-one-nosort,64,diagnostic,timing,diagnostic,UNCALIBRATED,PRESSURE_DEGRADED,SUCCEEDED,,0,0,4081170,239.799041,,17019.126,50204,50364,noaa-nws-fourcastnetgfs-pds/current-eba31d9,4081170,7163.0,0.0,n4-highcpu-16,4,8,fc-cpu-corrected-20260828,s7cmd.1b0d1f0af0f6,s7cmd.1b0d1f0af0f6.s1
2026-09-scale-diagnostics,noaa-nws-fourcastnetgfs-pds,s7cmd,1.5.0,recursive-one-nosort,64,diagnostic,timing,diagnostic,UNCALIBRATED,CAPACITY_FAILED,SUCCEEDED,,0,0,4081170,262.671111,,15537.186,50060,50176,noaa-nws-fourcastnetgfs-pds/1b8be9d08d1006a5dc15dd0f190862c3871d664d3a8b68b4f7d2ddd7be8b0ad4,4081171,7163.0,0.0,n4-highcpu-8,4,8,fc-cpu-screen-20260828,s7cmd.4ab33dffc0f2,s7cmd.4ab33dffc0f2.s1
2026-09-scale-diagnostics,noaa-nws-fourcastnetgfs-pds,s7cmd,1.5.0,recursive-tsv,64,diagnostic,timing,diagnostic,UNCALIBRATED,CAPACITY_FAILED,SUCCEEDED,,0,0,4081170,246.409674,,16562.54,3067080,50172,noaa-nws-fourcastnetgfs-pds/1b8be9d08d1006a5dc15dd0f190862c3871d664d3a8b68b4f7d2ddd7be8b0ad4,4081171,7163.0,0.0,n4-highcpu-16,6,16,latency-fixed-replay-20260826,s7cmd.4bf402e85a92,s7cmd.4bf402e85a92.s1
2026-09-scale-diagnostics,noaa-nws-fourcastnetgfs-pds,s7cmd,1.5.0,recursive-tsv,64,diagnostic,timing,diagnostic,UNCALIBRATED,NOT_APPLICABLE,SUCCEEDED,,0,0,4081170,33.787272,,120790.16,3067664,50108,noaa-nws-fourcastnetgfs-pds/1b8be9d08d1006a5dc15dd0f190862c3871d664d3a8b68b4f7d2ddd7be8b0ad4,4081171,7163.0,0.0,n4-highcpu-16,6,16,all-tools-no-latency-screen-20260826,s7cmd.5941a76a7bbc,s7cmd.5941a76a7bbc.s1
2026-09-scale-diagnostics,noaa-nws-fourcastnetgfs-pds,s7cmd,1.5.0,recursive-tsv,64,diagnostic,timing,diagnostic,UNCALIBRATED,NOT_APPLICABLE,SUCCEEDED,,0,0,4081170,38.161336,,106945.155,3068548,50412,noaa-nws-fourcastnetgfs-pds/1b8be9d08d1006a5dc15dd0f190862c3871d664d3a8b68b4f7d2ddd7be8b0ad4,4081171,7163.0,0.0,n4-highcpu-16,6,16,all-tools-no-latency-screen-r2-20260826,s7cmd.8648357ead8b,s7cmd.8648357ead8b.s1
2026-09-scale-diagnostics,noaa-nws-fourcastnetgfs-pds,s7cmd,1.5.0,recursive-one-nosort,64,diagnostic,timing,diagnostic,UNCALIBRATED,PRESSURE_DEGRADED,SUCCEEDED,,0,0,4081170,235.340462,,17341.557,50452,50528,noaa-nws-fourcastnetgfs-pds/current-eba31d9,4081170,7163.0,0.0,n4-highcpu-16,2,8,fc-cpu-corrected-20260828,s7cmd.a7e1c05fda02,s7cmd.a7e1c05fda02.s1
2026-09-scale-diagnostics,noaa-nws-fourcastnetgfs-pds,s7cmd,1.5.0,recursive-one-nosort,64,diagnostic,timing,diagnostic,UNCALIBRATED,PRESSURE_DEGRADED,SUCCEEDED,,0,0,4081170,237.815286,,17161.092,50176,50424,noaa-nws-fourcastnetgfs-pds/current-eba31d9,4081170,7163.0,0.0,n4-highcpu-32,8,8,fc-cpu-corrected-20260828,s7cmd.b5d4fe29dd1e,s7cmd.b5d4fe29dd1e.s1
2026-09-scale-diagnostics,noaa-nws-fourcastnetgfs-pds,s7cmd,1.5.0,recursive-one-nosort,64,diagnostic,timing,diagnostic,UNCALIBRATED,CAPACITY_FAILED,SUCCEEDED,,0,0,4081170,248.260828,,16439.041,50196,50332,noaa-nws-fourcastnetgfs-pds/1b8be9d08d1006a5dc15dd0f190862c3871d664d3a8b68b4f7d2ddd7be8b0ad4,4081171,7163.0,0.0,n4-highcpu-8,2,8,fc-cpu-screen-20260828,s7cmd.c918513889ca,s7cmd.c918513889ca.s1
2026-09-scale-diagnostics,noaa-nws-fourcastnetgfs-pds,swath,0.2.5-SNAPSHOT,recursive-tsv,64,diagnostic,timing,diagnostic,UNCALIBRATED,NOT_APPLICABLE,SUCCEEDED,,0,0,4081170,10.877563,,375191.576,668316,50372,noaa-nws-fourcastnetgfs-pds/1b8be9d08d1006a5dc15dd0f190862c3871d664d3a8b68b4f7d2ddd7be8b0ad4,4081171,4814.0,0.0,n4-highcpu-16,6,16,all-tools-no-latency-screen-r2-20260826,swath.054762307dcb,swath.054762307dcb.s1
2026-09-scale-diagnostics,noaa-nws-fourcastnetgfs-pds,swath,0.3.1,recursive-tsv,64,diagnostic,timing,diagnostic,UNCALIBRATED,NOT_APPLICABLE,SUCCEEDED,,0,0,4081170,10.820919,,377155.582,784188,51468,noaa-nws-fourcastnetgfs-pds/1b8be9d08d1006a5dc15dd0f190862c3871d664d3a8b68b4f7d2ddd7be8b0ad4,4081171,4924.0,0.0,n4-highcpu-16,6,16,swath-031-fc-cap-none-20260901,swath.18e5c4ac0ec9,swath.18e5c4ac0ec9.s1
2026-09-scale-diagnostics,noaa-nws-fourcastnetgfs-pds,swath,0.2.5-SNAPSHOT,recursive-tsv,64,diagnostic,timing,diagnostic,UNCALIBRATED,NOT_APPLICABLE,SUCCEEDED,,0,0,4081170,12.809423,,318606.857,551584,51112,noaa-nws-fourcastnetgfs-pds/1b8be9d08d1006a5dc15dd0f190862c3871d664d3a8b68b4f7d2ddd7be8b0ad4,4081171,4914.0,0.0,n4-highcpu-16,6,16,swath-postfix-fc-cap-none-20260901,swath.1a55054269a7,swath.1a55054269a7.s1
2026-09-scale-diagnostics,noaa-nws-fourcastnetgfs-pds,swath,0.2.5-SNAPSHOT,recursive-tsv-dataset,64,diagnostic,timing,diagnostic,UNCALIBRATED,CAPACITY_FAILED,SUCCEEDED,,0,0,4081170,58.803703,,69403.282,258400,50444,noaa-nws-fourcastnetgfs-pds/current-eba31d9,4081170,5457.0,0.0,n4-highcpu-16,4,8,fc-cpu-corrected-20260828,swath.230f977d25ad,swath.230f977d25ad.s1
2026-09-scale-diagnostics,noaa-nws-fourcastnetgfs-pds,swath,0.3.1,recursive-tsv-dataset,64,diagnostic,timing,diagnostic,UNCALIBRATED,CAPACITY_FAILED,SUCCEEDED,,0,0,4081170,50.999575,,80023.608,308840,51240,noaa-nws-fourcastnetgfs-pds/current-eba31d9,4081170,5198.0,0.0,n4-highcpu-16,4,8,swath-031-fc-cpu-20260901,swath.29641ec56eb5,swath.29641ec56eb5.s1
2026-09-scale-diagnostics,noaa-nws-fourcastnetgfs-pds,swath,0.2.5-SNAPSHOT,recursive-tsv-dataset,64,diagnostic,timing,diagnostic,UNCALIBRATED,INSUFFICIENT_EVIDENCE,SUCCEEDED,,0,0,4081170,48.145151,,84768.038,370540,50568,noaa-nws-fourcastnetgfs-pds/current-eba31d9,4081170,5108.0,0.0,n4-highcpu-16,2,8,fc-cpu-corrected-20260828,swath.2dc6e1e28e60,swath.2dc6e1e28e60.s1
2026-09-scale-diagnostics,noaa-nws-fourcastnetgfs-pds,swath,0.2.5-SNAPSHOT,recursive-tsv-dataset,16,diagnostic,timing,diagnostic,UNCALIBRATED,INSUFFICIENT_EVIDENCE,SUCCEEDED,,0,0,4081170,45.557869,,89582.109,265836,51116,noaa-nws-fourcastnetgfs-pds/current-eba31d9,4081170,5047.0,0.0,n4-highcpu-32,8,8,swath-postfix-fc-tuning-20260901,swath.31e5213d69aa,swath.31e5213d69aa.s1
2026-09-scale-diagnostics,noaa-nws-fourcastnetgfs-pds,swath,0.2.5-SNAPSHOT,recursive-tsv,64,diagnostic,timing,diagnostic,UNCALIBRATED,NOT_APPLICABLE,SUCCEEDED,,0,0,4081170,11.33741,,359973.751,728316,50192,noaa-nws-fourcastnetgfs-pds/1b8be9d08d1006a5dc15dd0f190862c3871d664d3a8b68b4f7d2ddd7be8b0ad4,4081171,4833.0,0.0,n4-highcpu-16,6,16,capacity-no-latency-20260826,swath.359ac8a942dc,swath.359ac8a942dc.s1
2026-09-scale-diagnostics,noaa-nws-fourcastnetgfs-pds,swath,0.2.5-SNAPSHOT,recursive-tsv,64,diagnostic,timing,diagnostic,UNCALIBRATED,NOT_APPLICABLE,SUCCEEDED,,0,0,4081170,10.516895,,388058.453,700868,50124,noaa-nws-fourcastnetgfs-pds/1b8be9d08d1006a5dc15dd0f190862c3871d664d3a8b68b4f7d2ddd7be8b0ad4,4081171,4764.0,0.0,n4-highcpu-16,6,16,capacity-no-latency-rerun-20260826,swath.359ac8a942dc,swath.359ac8a942dc.s2
2026-09-scale-diagnostics,noaa-nws-fourcastnetgfs-pds,swath,0.2.5-SNAPSHOT,recursive-tsv,64,diagnostic,timing,diagnostic,UNCALIBRATED,NOT_APPLICABLE,SUCCEEDED,,0,0,4081170,11.939129,,341831.469,607320,50356,noaa-nws-fourcastnetgfs-pds/1b8be9d08d1006a5dc15dd0f190862c3871d664d3a8b68b4f7d2ddd7be8b0ad4,4081171,4816.0,0.0,n4-highcpu-16,6,16,all-tools-no-latency-screen-20260826,swath.359ac8a942dc,swath.359ac8a942dc.s3
2026-09-scale-diagnostics,noaa-nws-fourcastnetgfs-pds,swath,0.2.5-SNAPSHOT,recursive-tsv-dataset,16,diagnostic,timing,diagnostic,UNCALIBRATED,INSUFFICIENT_EVIDENCE,SUCCEEDED,,0,0,4081170,34.944738,,116789.257,264304,50600,noaa-nws-fourcastnetgfs-pds/current-eba31d9,4081170,4688.0,0.0,n4-highcpu-16,4,8,fc-tuning-followup-20260828,swath.393277aae690,swath.393277aae690.s1
2026-09-scale-diagnostics,noaa-nws-fourcastnetgfs-pds,swath,0.3.1,recursive-tsv,64,diagnostic,timing,diagnostic,UNCALIBRATED,INSUFFICIENT_EVIDENCE,SUCCEEDED,,0,0,4081170,45.340299,,90011.978,454636,51072,noaa-nws-fourcastnetgfs-pds/1b8be9d08d1006a5dc15dd0f190862c3871d664d3a8b68b4f7d2ddd7be8b0ad4,4081171,5358.0,0.0,n4-highcpu-16,6,16,swath-031-fc-screen-s3-20260901,swath.3a9748842ebb,swath.3a9748842ebb.s1
2026-09-scale-diagnostics,noaa-nws-fourcastnetgfs-pds,swath,0.2.5-SNAPSHOT,recursive-tsv-dataset,16,diagnostic,timing,diagnostic,UNCALIBRATED,INSUFFICIENT_EVIDENCE,SUCCEEDED,,0,0,4081170,38.519026,,105952.056,264764,50632,noaa-nws-fourcastnetgfs-pds/current-eba31d9,4081170,4849.0,0.0,n4-highcpu-32,8,8,fc-tuning-followup-20260828,swath.41d2e65794b4,swath.41d2e65794b4.s1
2026-09-scale-diagnostics,noaa-nws-fourcastnetgfs-pds,swath,0.2.5-SNAPSHOT,recursive-tsv-dataset,64,diagnostic,timing,diagnostic,UNCALIBRATED,INSUFFICIENT_EVIDENCE,SUCCEEDED,,0,0,4081170,45.985604,,88748.861,281024,50412,noaa-nws-fourcastnetgfs-pds/1b8be9d08d1006a5dc15dd0f190862c3871d664d3a8b68b4f7d2ddd7be8b0ad4,4081171,5231.0,0.0,n4-highcpu-16,8,8,fc-cpu-sanity-20260828,swath.4936185078ce,swath.4936185078ce.s1
2026-09-scale-diagnostics,noaa-nws-fourcastnetgfs-pds,swath,0.2.5-SNAPSHOT,recursive-tsv,64,diagnostic,timing,diagnostic,UNCALIBRATED,INSUFFICIENT_EVIDENCE,SUCCEEDED,,0,0,4081170,42.7827,,95392.998,345844,51140,noaa-nws-fourcastnetgfs-pds/1b8be9d08d1006a5dc15dd0f190862c3871d664d3a8b68b4f7d2ddd7be8b0ad4,4081171,5193.0,0.0,n4-highcpu-16,6,16,swath-postfix-fc-cap-s3-20260901,swath.49f300af741a,swath.49f300af741a.s1
2026-09-scale-diagnostics,noaa-nws-fourcastnetgfs-pds,swath,0.2.5-SNAPSHOT,recursive-tsv,64,diagnostic,timing,diagnostic,UNCALIBRATED,NOT_APPLICABLE,SUCCEEDED,,0,0,4081170,12.225525,,333823.701,656220,51156,noaa-nws-fourcastnetgfs-pds/1b8be9d08d1006a5dc15dd0f190862c3871d664d3a8b68b4f7d2ddd7be8b0ad4,4081171,4886.0,0.0,n4-highcpu-16,6,16,swath-postfix-fc-screen-none-20260901,swath.531bf00eec6b,swath.531bf00eec6b.s1
2026-09-scale-diagnostics,noaa-nws-fourcastnetgfs-pds,swath,0.2.5-SNAPSHOT,recursive-tsv,64,diagnostic,timing,diagnostic,UNCALIBRATED,NOT_APPLICABLE,SUCCEEDED,,0,0,4081170,11.296724,,361270.223,564140,51188,noaa-nws-fourcastnetgfs-pds/1b8be9d08d1006a5dc15dd0f190862c3871d664d3a8b68b4f7d2ddd7be8b0ad4,4081171,4826.0,0.0,n4-highcpu-16,6,16,swath-postfix-canary-20260901,swath.60e4868db1cc,swath.60e4868db1cc.s1
2026-09-scale-diagnostics,noaa-nws-fourcastnetgfs-pds,swath,0.2.5-SNAPSHOT,recursive-tsv-dataset,64,diagnostic,timing,diagnostic,UNCALIBRATED,INSUFFICIENT_EVIDENCE,SUCCEEDED,,0,0,4081170,46.347046,,88056.745,390416,51280,noaa-nws-fourcastnetgfs-pds/current-eba31d9,4081170,5098.0,0.0,n4-highcpu-16,2,8,swath-postfix-fc-cpu-20260901,swath.6949f6950149,swath.6949f6950149.s1
2026-09-scale-diagnostics,noaa-nws-fourcastnetgfs-pds,swath,0.2.5-SNAPSHOT,recursive-tsv-dataset,64,diagnostic,timing,diagnostic,UNCALIBRATED,CAPACITY_FAILED,SUCCEEDED,,0,0,4081170,52.114084,,78312.227,275832,50388,noaa-nws-fourcastnetgfs-pds/1b8be9d08d1006a5dc15dd0f190862c3871d664d3a8b68b4f7d2ddd7be8b0ad4,4081171,5182.0,0.0,n4-highcpu-8,4,8,fc-cpu-screen-20260828,swath.6e33f1189aee,swath.6e33f1189aee.s1
2026-09-scale-diagnostics,noaa-nws-fourcastnetgfs-pds,swath,0.3.1,recursive-tsv,64,diagnostic,timing,diagnostic,UNCALIBRATED,NOT_APPLICABLE,SUCCEEDED,,0,0,4081170,11.681026,,349384.549,691960,51208,noaa-nws-fourcastnetgfs-pds/1b8be9d08d1006a5dc15dd0f190862c3871d664d3a8b68b4f7d2ddd7be8b0ad4,4081171,5180.0,0.0,n4-highcpu-16,6,16,swath-031-fc-screen-none-20260901,swath.77de58dee90f,swath.77de58dee90f.s1
2026-09-scale-diagnostics,noaa-nws-fourcastnetgfs-pds,swath,0.2.5-SNAPSHOT,recursive-parquet,64,diagnostic,timing,diagnostic,UNCALIBRATED,CAPACITY_FAILED,SUCCEEDED,,0,0,4081170,57.194804,,71355.608,572020,51300,noaa-nws-fourcastnetgfs-pds/1b8be9d08d1006a5dc15dd0f190862c3871d664d3a8b68b4f7d2ddd7be8b0ad4,4081171,5561.0,0.0,n4-highcpu-16,6,16,swath-postfix-fc-screen-s3-20260901,swath.79680a8d817b,swath.79680a8d817b.s1
2026-09-scale-diagnostics,noaa-nws-fourcastnetgfs-pds,swath,0.2.5-SNAPSHOT,recursive-tsv,64,diagnostic,timing,diagnostic,UNCALIBRATED,NOT_APPLICABLE,SUCCEEDED,,0,0,4081170,11.37704,,358719.843,743928,50940,noaa-nws-fourcastnetgfs-pds/1b8be9d08d1006a5dc15dd0f190862c3871d664d3a8b68b4f7d2ddd7be8b0ad4,4081171,4873.0,0.0,n4-highcpu-16,6,16,swath-main-canary-20260901,swath.7cf965f57007,swath.7cf965f57007.s1
2026-09-scale-diagnostics,noaa-nws-fourcastnetgfs-pds,swath,0.2.5-SNAPSHOT,recursive-tsv-dataset,64,diagnostic,timing,diagnostic,UNCALIBRATED,CAPACITY_FAILED,SUCCEEDED,,0,0,4081170,51.401708,,79397.556,308152,50564,noaa-nws-fourcastnetgfs-pds/current-eba31d9,4081170,5211.0,0.0,n4-highcpu-32,8,8,fc-cpu-corrected-20260828,swath.88891b1437de,swath.88891b1437de.s1
2026-09-scale-diagnostics,noaa-nws-fourcastnetgfs-pds,swath,0.2.5-SNAPSHOT,recursive-tsv-dataset,64,diagnostic,timing,diagnostic,UNCALIBRATED,CAPACITY_FAILED,SUCCEEDED,,0,0,4081170,51.749454,,78864.02,420416,50460,noaa-nws-fourcastnetgfs-pds/1b8be9d08d1006a5dc15dd0f190862c3871d664d3a8b68b4f7d2ddd7be8b0ad4,4081171,5284.0,0.0,n4-highcpu-8,2,8,fc-cpu-sanity-20260828,swath.8fb4bb81c556,swath.8fb4bb81c556.s1
2026-09-scale-diagnostics,noaa-nws-fourcastnetgfs-pds,swath,0.2.5-SNAPSHOT,recursive-tsv-dataset,16,diagnostic,timing,diagnostic,UNCALIBRATED,INSUFFICIENT_EVIDENCE,SUCCEEDED,,0,0,4081170,38.167422,,106928.102,307800,50468,noaa-nws-fourcastnetgfs-pds/current-eba31d9,4081170,4816.0,0.0,n4-highcpu-16,2,8,fc-tuning-followup-20260828,swath.a6b3aed3a6a8,swath.a6b3aed3a6a8.s1
2026-09-scale-diagnostics,noaa-nws-fourcastnetgfs-pds,swath,0.3.1,recursive-tsv-dataset,16,diagnostic,timing,diagnostic,UNCALIBRATED,INSUFFICIENT_EVIDENCE,SUCCEEDED,,0,0,4081170,42.773015,,95414.597,262064,51172,noaa-nws-fourcastnetgfs-pds/current-eba31d9,4081170,4808.0,0.0,n4-highcpu-16,2,8,swath-031-fc-tuning-20260901,swath.a759f37dbd71,swath.a759f37dbd71.s1
2026-09-scale-diagnostics,noaa-nws-fourcastnetgfs-pds,swath,0.3.1,recursive-tsv-dataset,64,diagnostic,timing,diagnostic,UNCALIBRATED,CAPACITY_FAILED,SUCCEEDED,,0,0,4081170,62.516285,,65281.71,282384,51168,noaa-nws-fourcastnetgfs-pds/current-eba31d9,4081170,5511.0,0.0,n4-highcpu-16,2,8,swath-031-fc-cpu-20260901,swath.afea0cb4b960,swath.afea0cb4b960.s1
2026-09-scale-diagnostics,noaa-nws-fourcastnetgfs-pds,swath,0.2.5-SNAPSHOT,recursive-tsv-dataset,16,diagnostic,timing,diagnostic,UNCALIBRATED,INSUFFICIENT_EVIDENCE,SUCCEEDED,,0,0,4081170,39.880969,,102333.772,242196,51536,noaa-nws-fourcastnetgfs-pds/current-eba31d9,4081170,4788.0,0.0,n4-highcpu-16,4,8,swath-postfix-fc-tuning-20260901,swath.b23aeb588a81,swath.b23aeb588a81.s1
2026-09-scale-diagnostics,noaa-nws-fourcastnetgfs-pds,swath,0.2.5-SNAPSHOT,recursive-tsv-dataset,64,diagnostic,timing,diagnostic,UNCALIBRATED,INSUFFICIENT_EVIDENCE,SUCCEEDED,,0,0,4081170,46.593395,,87591.17,292932,51236,noaa-nws-fourcastnetgfs-pds/current-eba31d9,4081170,5079.0,0.0,n4-highcpu-16,4,8,swath-postfix-fc-cpu-20260901,swath.bf58c29f49e6,swath.bf58c29f49e6.s1
2026-09-scale-diagnostics,noaa-nws-fourcastnetgfs-pds,swath,0.2.5-SNAPSHOT,recursive-parquet,64,diagnostic,timing,diagnostic,UNCALIBRATED,INSUFFICIENT_EVIDENCE,SUCCEEDED,,0,0,4081170,47.306268,34.496,86271.232,696876,50036,noaa-nws-fourcastnetgfs-pds/1b8be9d08d1006a5dc15dd0f190862c3871d664d3a8b68b4f7d2ddd7be8b0ad4,4081171,5187.0,0.0,n4-highcpu-16,6,16,latency-fixed-replay-20260826,swath.c862c6707224,swath.c862c6707224.s1
2026-09-scale-diagnostics,noaa-nws-fourcastnetgfs-pds,swath,0.3.1,recursive-parquet,64,diagnostic,timing,diagnostic,UNCALIBRATED,PRESSURE_DEGRADED,SUCCEEDED,,0,0,4081170,50.478792,,80849.201,587324,51264,noaa-nws-fourcastnetgfs-pds/1b8be9d08d1006a5dc15dd0f190862c3871d664d3a8b68b4f7d2ddd7be8b0ad4,4081171,5490.0,0.0,n4-highcpu-16,6,16,swath-031-fc-screen-s3-20260901,swath.d0d44e27fbb6,swath.d0d44e27fbb6.s1
2026-09-scale-diagnostics,noaa-nws-fourcastnetgfs-pds,swath,0.3.1,recursive-tsv-dataset,16,diagnostic,timing,diagnostic,UNCALIBRATED,INSUFFICIENT_EVIDENCE,SUCCEEDED,,0,0,4081170,35.681803,,114376.788,258120,51340,noaa-nws-fourcastnetgfs-pds/current-eba31d9,4081170,4859.0,0.0,n4-highcpu-32,8,8,swath-031-fc-tuning-20260901,swath.d1c5e277b2ed,swath.d1c5e277b2ed.s1
2026-09-scale-diagnostics,noaa-nws-fourcastnetgfs-pds,swath,0.3.1,recursive-tsv-dataset,64,diagnostic,timing,diagnostic,UNCALIBRATED,INSUFFICIENT_EVIDENCE,SUCCEEDED,,0,0,4081170,45.981179,,88757.402,314840,51172,noaa-nws-fourcastnetgfs-pds/current-eba31d9,4081170,5165.0,0.0,n4-highcpu-32,8,8,swath-031-fc-cpu-20260901,swath.dfb79c95d2a1,swath.dfb79c95d2a1.s1
2026-09-scale-diagnostics,noaa-nws-fourcastnetgfs-pds,swath,0.2.5-SNAPSHOT,recursive-tsv-dataset,16,diagnostic,timing,diagnostic,UNCALIBRATED,INSUFFICIENT_EVIDENCE,SUCCEEDED,,0,0,4081170,39.580041,,103111.818,260272,51152,noaa-nws-fourcastnetgfs-pds/current-eba31d9,4081170,4811.0,0.0,n4-highcpu-16,2,8,swath-postfix-fc-tuning-20260901,swath.e497eeec5a92,swath.e497eeec5a92.s1
2026-09-scale-diagnostics,noaa-nws-fourcastnetgfs-pds,swath,0.2.5-SNAPSHOT,recursive-tsv,64,diagnostic,timing,diagnostic,UNCALIBRATED,INSUFFICIENT_EVIDENCE,SUCCEEDED,,0,0,4081170,41.190458,,99080.472,377492,51092,noaa-nws-fourcastnetgfs-pds/1b8be9d08d1006a5dc15dd0f190862c3871d664d3a8b68b4f7d2ddd7be8b0ad4,4081171,5172.0,0.0,n4-highcpu-16,6,16,swath-postfix-fc-screen-s3-20260901,swath.f34bd64653be,swath.f34bd64653be.s1
2026-09-scale-diagnostics,noaa-nws-fourcastnetgfs-pds,swath,0.2.5-SNAPSHOT,recursive-tsv-dataset,64,diagnostic,timing,diagnostic,UNCALIBRATED,INSUFFICIENT_EVIDENCE,SUCCEEDED,,0,0,4081170,45.595558,,89508.061,331732,51196,noaa-nws-fourcastnetgfs-pds/current-eba31d9,4081170,5091.0,0.0,n4-highcpu-32,8,8,swath-postfix-fc-cpu-20260901,swath.f3d2b9047fba,swath.f3d2b9047fba.s1
2026-09-scale-diagnostics,noaa-nws-fourcastnetgfs-pds,swath,0.3.1,recursive-tsv-dataset,16,diagnostic,timing,diagnostic,UNCALIBRATED,INSUFFICIENT_EVIDENCE,SUCCEEDED,,0,0,4081170,44.278225,,92171.039,261620,51328,noaa-nws-fourcastnetgfs-pds/current-eba31d9,4081170,5006.0,0.0,n4-highcpu-16,4,8,swath-031-fc-tuning-20260901,swath.fa87fc1bb7d0,swath.fa87fc1bb7d0.s1
2026-09-scale-diagnostics,noaa-nws-fourcastnetgfs-pds,swath,0.2.5-SNAPSHOT,recursive-tsv,64,diagnostic,timing,diagnostic,UNCALIBRATED,CAPACITY_FAILED,SUCCEEDED,,0,0,4081170,56.515624,,72213.128,311524,50328,noaa-nws-fourcastnetgfs-pds/1b8be9d08d1006a5dc15dd0f190862c3871d664d3a8b68b4f7d2ddd7be8b0ad4,4081171,5497.0,0.0,n4-highcpu-16,6,16,latency-fixed-replay-20260826,swath.ff8154b1c049,swath.ff8154b1c049.s1
2026-09-scale-diagnostics,noaa-nws-fourcastnetgfs-pds,swath,0.3.1,recursive-tsv,64,diagnostic,timing,diagnostic,UNCALIBRATED,INSUFFICIENT_EVIDENCE,SUCCEEDED,,0,0,4081170,46.093481,,88541.154,398368,51280,noaa-nws-fourcastnetgfs-pds/1b8be9d08d1006a5dc15dd0f190862c3871d664d3a8b68b4f7d2ddd7be8b0ad4,4081171,5366.0,0.0,n4-highcpu-16,6,16,swath-031-fc-cap-s3-20260901,swath.fffb280c3b92,swath.fffb280c3b92.s1
2026-09-scale-diagnostics,real-changesets,rclone,1.74.4,recursive-walk,64,diagnostic,timing,diagnostic,UNCALIBRATED,TIMING_VALID,FAILED,,-9,1,,1401.819063,,,8369376,51288,real-changesets/current-2908fdf,13868442,13869.0,0.0,n4-highcpu-32,8,8,changesets-flat-20260901,rclone.795fbd66217b,rclone.795fbd66217b.s1
2026-09-scale-diagnostics,real-changesets,rclone,,recursive-fastlist,,diagnostic,timing,diagnostic,UNCALIBRATED,,FAILED,,,,,,,,,,real-changesets/current-2908fdf,13868442,,,n4-highcpu-32,8,8,changesets-flat-rclone-listr-20260901,rclone.997236778cca,rclone.997236778cca.s1
2026-09-scale-diagnostics,real-changesets,rclone,,recursive-fastlist,,diagnostic,timing,diagnostic,UNCALIBRATED,,FAILED,,,,,,,,,,real-changesets/current-2908fdf,13868442,,,n4-highcpu-32,8,8,changesets-flat-rclone-listr-20260901,rclone.997236778cca,rclone.997236778cca.s2
2026-09-scale-diagnostics,real-changesets,rclone,1.74.4,recursive-fastlist,,diagnostic,timing,diagnostic,UNCALIBRATED,TIMING_VALID,SUCCEEDED,,0,0,13868442,1851.789164,,7489.212,73764,51064,real-changesets/current-2908fdf,13868442,13869.0,0.0,n4-highcpu-32,8,8,changesets-flat-rclone-listr-20260901,rclone.997236778cca,rclone.997236778cca.s3
2026-09-scale-diagnostics,real-changesets,rclone,1.74.4,recursive-walk,64,diagnostic,timing,diagnostic,UNCALIBRATED,TIMING_VALID,SUCCEEDED,,0,0,13868442,1377.562587,,10067.377,8121012,51212,real-changesets/current-2908fdf,13868442,13869.0,0.0,n4-highcpu-32,8,16,changesets-flat-rclone-mem16-20260901,rclone.d92a513cb0f2,rclone.d92a513cb0f2.s1
2026-09-scale-diagnostics,real-changesets,s7cmd,1.5.0,recursive-one-nosort,16,diagnostic,timing,diagnostic,UNCALIBRATED,TIMING_VALID,SUCCEEDED,,0,0,13868442,1289.452824,,10755.292,50944,51356,real-changesets/current-2908fdf,13868442,13869.0,0.0,n4-highcpu-32,8,8,changesets-flat-20260901,s7cmd.97b265107a89,s7cmd.97b265107a89.s1
2026-09-scale-diagnostics,real-changesets,swath,0.3.1,recursive-tsv-dataset,64,diagnostic,timing,diagnostic,UNCALIBRATED,INSUFFICIENT_EVIDENCE,SUCCEEDED,,0,0,13868442,47.531412,,291774.248,369512,51376,real-changesets/current-2908fdf,13868442,14845.0,0.0,n4-highcpu-32,8,8,changesets-flat-20260901,swath.666e471aac76,swath.666e471aac76.s1
2026-09-scale-diagnostics,real-changesets,swath,0.3.1,recursive-parquet-sorted,1024,diagnostic,timing,diagnostic,,,SUCCEEDED,,0,0,13868442,62.67957,,221259.367,1521648,51232,,,,,n4-highcpu-16,,,swath-s3-changesets-sort-20260901,swath.85ccd37c1b88,swath.85ccd37c1b88.s1
2026-09-scale-diagnostics,sentinel-cogs,swath,0.3.0,recursive-parquet-sorted,1024,diagnostic,timing,diagnostic,,,SUCCEEDED,,0,0,1068443985,707.395175,,1510391.96,8228716,50648,,,,,n4-highcpu-32,,,swath-s3-sentinel-sort-use1-20260901,swath.6b1ffae260c0,swath.6b1ffae260c0.s1
2026-09-scale-diagnostics,sentinel-cogs,swath,0.3.1,recursive-tsv-zstd,2048,diagnostic,timing,diagnostic,,,SUCCEEDED,,0,0,1068477307,341.394179,,3129746.705,9343792,51016,,,,,n4-highcpu-32,,,swath-s3-sentinel-tsv-c2048-20260901,swath.7b028bd8c692,swath.7b028bd8c692.s1
2026-09-scale-diagnostics,sentinel-cogs,swath,,recursive-parquet-sorted,1024,diagnostic,timing,diagnostic,,,FAILED,,,,,,,,,,,,,,n4-highcpu-32,,,swath-real-s3-sentinel-sorted-20260901,swath.cea468a24158,swath.cea468a24158.s1
2026-09-scale-diagnostics,sorel-20m,swath,0.2.5-SNAPSHOT,recursive-tsv-dataset,64,diagnostic,timing,diagnostic,UNCALIBRATED,INSUFFICIENT_EVIDENCE,SUCCEEDED,,0,0,9919142,36.767482,,269780.291,463588,51364,sorel-20m/current-eba31d9,9919142,10679.0,0.0,n4-highcpu-16,4,8,swath-postfix-sorel-20260901,swath.074b7ddffc78,swath.074b7ddffc78.s1
2026-09-scale-diagnostics,sorel-20m,swath,0.3.1,recursive-tsv-dataset,16,diagnostic,timing,diagnostic,UNCALIBRATED,PRESSURE_DEGRADED,SUCCEEDED,,0,0,9919142,95.763986,,103579.043,252788,51276,sorel-20m/current-eba31d9,9919142,10340.0,0.0,n4-highcpu-16,4,8,swath-031-sorel-20260901,swath.18cabcbf3d82,swath.18cabcbf3d82.s1
2026-09-scale-diagnostics,sorel-20m,swath,0.3.1,recursive-tsv-dataset,64,diagnostic,timing,diagnostic,UNCALIBRATED,INSUFFICIENT_EVIDENCE,SUCCEEDED,,0,0,9919142,35.007479,,283343.511,450444,51252,sorel-20m/current-eba31d9,9919142,10677.0,0.0,n4-highcpu-32,8,8,swath-031-sorel-20260901,swath.1e15b6820944,swath.1e15b6820944.s1
2026-09-scale-diagnostics,sorel-20m,swath,0.2.5-SNAPSHOT,recursive-tsv-dataset,16,diagnostic,timing,diagnostic,UNCALIBRATED,PRESSURE_DEGRADED,SUCCEEDED,,0,0,9919142,92.284127,,107484.812,264460,50528,sorel-20m/current-eba31d9,9919142,10324.0,0.0,n4-highcpu-16,4,8,sorel-swath-transfer-20260828,swath.2c50266e9cec,swath.2c50266e9cec.s1
2026-09-scale-diagnostics,sorel-20m,swath,0.2.5-SNAPSHOT,recursive-tsv-dataset,64,diagnostic,timing,diagnostic,UNCALIBRATED,INSUFFICIENT_EVIDENCE,SUCCEEDED,,0,0,9919142,41.662424,,238083.651,646296,50544,sorel-20m/current-eba31d9,9919142,10670.0,0.0,n4-highcpu-16,2,8,sorel-swath-transfer-20260828,swath.318a9fea4e1e,swath.318a9fea4e1e.s1
2026-09-scale-diagnostics,sorel-20m,swath,0.2.5-SNAPSHOT,recursive-tsv-dataset,64,diagnostic,timing,diagnostic,UNCALIBRATED,INSUFFICIENT_EVIDENCE,SUCCEEDED,,0,0,9919142,33.362091,,297317.755,607688,51452,sorel-20m/current-eba31d9,9919142,10670.0,0.0,n4-highcpu-32,8,8,swath-postfix-sorel-20260901,swath.3466e5df8bbe,swath.3466e5df8bbe.s1
2026-09-scale-diagnostics,sorel-20m,swath,0.2.5-SNAPSHOT,recursive-tsv-dataset,16,diagnostic,timing,diagnostic,UNCALIBRATED,PRESSURE_DEGRADED,SUCCEEDED,,0,0,9919142,95.460163,,103908.706,245816,51212,sorel-20m/current-eba31d9,9919142,10298.0,0.0,n4-highcpu-16,2,8,swath-postfix-sorel-20260901,swath.37c0a7971fe1,swath.37c0a7971fe1.s1
2026-09-scale-diagnostics,sorel-20m,swath,0.2.5-SNAPSHOT,recursive-tsv-dataset,64,diagnostic,timing,diagnostic,UNCALIBRATED,INSUFFICIENT_EVIDENCE,SUCCEEDED,,0,0,9919142,49.571352,,200098.275,647548,51336,sorel-20m/current-eba31d9,9919142,10676.0,0.0,n4-highcpu-16,2,8,swath-postfix-sorel-20260901,swath.58257e173a03,swath.58257e173a03.s1
2026-09-scale-diagnostics,sorel-20m,swath,0.2.5-SNAPSHOT,recursive-tsv-dataset,16,diagnostic,timing,diagnostic,UNCALIBRATED,PRESSURE_DEGRADED,SUCCEEDED,,0,0,9919142,92.099222,,107700.606,269036,51148,sorel-20m/current-eba31d9,9919142,10290.0,0.0,n4-highcpu-16,4,8,swath-postfix-sorel-20260901,swath.5ebde19eaa55,swath.5ebde19eaa55.s1
2026-09-scale-diagnostics,sorel-20m,swath,0.3.1,recursive-tsv-dataset,16,diagnostic,timing,diagnostic,UNCALIBRATED,PRESSURE_DEGRADED,SUCCEEDED,,0,0,9919142,94.607917,,104844.735,262716,51312,sorel-20m/current-eba31d9,9919142,10313.0,0.0,n4-highcpu-32,8,8,swath-031-sorel-20260901,swath.6b27d7a2a3a3,swath.6b27d7a2a3a3.s1
2026-09-scale-diagnostics,sorel-20m,swath,0.3.1,recursive-tsv-dataset,16,diagnostic,timing,diagnostic,UNCALIBRATED,PRESSURE_DEGRADED,SUCCEEDED,,0,0,9919142,96.500507,,102788.496,259564,51048,sorel-20m/current-eba31d9,9919142,10347.0,0.0,n4-highcpu-16,2,8,swath-031-sorel-20260901,swath.6f02161eb444,swath.6f02161eb444.s1
2026-09-scale-diagnostics,sorel-20m,swath,0.2.5-SNAPSHOT,recursive-tsv-dataset,16,diagnostic,timing,diagnostic,UNCALIBRATED,PRESSURE_DEGRADED,SUCCEEDED,,0,0,9919142,96.242094,,103064.487,317516,50620,sorel-20m/current-eba31d9,9919142,10331.0,0.0,n4-highcpu-32,8,8,sorel-swath-transfer-20260828,swath.832a51f8c52b,swath.832a51f8c52b.s1
2026-09-scale-diagnostics,sorel-20m,swath,0.2.5-SNAPSHOT,recursive-tsv-dataset,64,diagnostic,timing,diagnostic,UNCALIBRATED,INSUFFICIENT_EVIDENCE,SUCCEEDED,,0,0,9919142,34.657409,,286205.527,589076,50376,sorel-20m/current-eba31d9,9919142,10668.0,0.0,n4-highcpu-32,8,8,sorel-swath-transfer-20260828,swath.9a6dc4a1a538,swath.9a6dc4a1a538.s1
2026-09-scale-diagnostics,sorel-20m,swath,0.2.5-SNAPSHOT,recursive-tsv-dataset,16,diagnostic,timing,diagnostic,UNCALIBRATED,PRESSURE_DEGRADED,SUCCEEDED,,0,0,9919142,93.994881,,105528.534,306676,51188,sorel-20m/current-eba31d9,9919142,10377.0,0.0,n4-highcpu-32,8,8,swath-postfix-sorel-20260901,swath.dd93c4c61221,swath.dd93c4c61221.s1
2026-09-scale-diagnostics,sorel-20m,swath,0.3.1,recursive-tsv-dataset,64,diagnostic,timing,diagnostic,UNCALIBRATED,INSUFFICIENT_EVIDENCE,SUCCEEDED,,0,0,9919142,38.056246,,260644.258,514468,51344,sorel-20m/current-eba31d9,9919142,10671.0,0.0,n4-highcpu-16,4,8,swath-031-sorel-20260901,swath.e21e2d3ca386,swath.e21e2d3ca386.s1
2026-09-scale-diagnostics,sorel-20m,swath,0.3.1,recursive-tsv-dataset,64,diagnostic,timing,diagnostic,UNCALIBRATED,INSUFFICIENT_EVIDENCE,SUCCEEDED,,0,0,9919142,46.965275,,211201.617,657596,51272,sorel-20m/current-eba31d9,9919142,10670.0,0.0,n4-highcpu-16,2,8,swath-031-sorel-20260901,swath.eef928b78c32,swath.eef928b78c32.s1
2026-09-scale-diagnostics,sorel-20m,swath,0.2.5-SNAPSHOT,recursive-tsv-dataset,64,diagnostic,timing,diagnostic,UNCALIBRATED,INSUFFICIENT_EVIDENCE,SUCCEEDED,,0,0,9919142,34.318967,,289027.989,471276,50600,sorel-20m/current-eba31d9,9919142,10651.0,0.0,n4-highcpu-16,4,8,sorel-swath-transfer-20260828,swath.fa7f5f383d4e,swath.fa7f5f383d4e.s1
2026-09-scale-diagnostics,sorel-20m,swath,0.2.5-SNAPSHOT,recursive-tsv-dataset,16,diagnostic,timing,diagnostic,UNCALIBRATED,PRESSURE_DEGRADED,SUCCEEDED,,0,0,9919142,92.976348,,106684.573,277968,50364,sorel-20m/current-eba31d9,9919142,10283.0,0.0,n4-highcpu-16,2,8,sorel-swath-transfer-20260828,swath.ff6a55f7c613,swath.ff6a55f7c613.s1
